user_id,username,password,role
0,OliviaDavis,5e884898da28047151d0e56f8dc6292773603d0d6aabbdd62a11ef721d1542d8,normal
1,LoganKing,5e884898da28047151d0e56f8dc6292773603d0d6aabbdd62a11ef721d1542d8,normal
2,JacobJohnson,5e884898da28047151d0e56f8dc6292773603d0d6aabbdd62a11ef721d1542d8,normal
3,BenjaminWhite,5e884898da28047151d0e56f8dc6292773603d0d6aabbdd62a11ef721d1542d8,normal
4,MichaelTaylor,5e884898da28047151d0e56f8dc6292773603d0d6aabbdd62a11ef721d1542d8,normal
5,EthanSmith,5e884898da28047151d0e56f8dc6292773603d0d6aabbdd62a11ef721d1542d8,normal
6,LoganJohnson,5e884898da28047151d0e56f8dc6292773603d0d6aabbdd62a11ef721d1542d8,normal
7,NoahWilson,5e884898da28047151d0e56f8dc6292773603d0d6aabbdd62a11ef721d1542d8,normal
8,MichaelHall,5e884898da28047151d0e56f8dc6292773603d0d6aabbdd62a11ef721d1542d8,normal
9,EthanWalker,5e884898da28047151d0e56f8dc6292773603d0d6aabbdd62a11ef721d1542d8,normal
10,AlexanderGarcia,5e884898da28047151d0e56f8dc6292773603d0d6aabbdd62a11ef721d1542d8,normal
11,LucasDavis,5e884898da28047151d0e56f8dc6292773603d0d6aabbdd62a11ef721d1542d8,normal
12,SophiaWilson,5e884898da28047151d0e56f8dc6292773603d0d6aabbdd62a11ef721d1542d8,normal
13,EmmaThompson,5e884898da28047151d0e56f8dc6292773603d0d6aabbdd62a11ef721d1542d8,normal
14,MadisonGarcia,5e884898da28047151d0e56f8dc6292773603d0d6aabbdd62a11ef721d1542d8,normal
15,DavidLee,5e884898da28047151d0e56f8dc6292773603d0d6aabbdd62a11ef721d1542d8,normal
16,MichaelMiller,5e884898da28047151d0e56f8dc6292773603d0d6aabbdd62a11ef721d1542d8,normal
17,AlexanderAnderson,5e884898da28047151d0e56f8dc6292773603d0d6aabbdd62a11ef721d1542d8,normal
18,EmilyClark,5e884898da28047151d0e56f8dc6292773603d0d6aabbdd62a11ef721d1542d8,normal
19,JohnLewis,5e884898da28047151d0e56f8dc6292773603d0d6aabbdd62a11ef721d1542d8,normal
20,LilyClark,5e884898da28047151d0e56f8dc6292773603d0d6aabbdd62a11ef721d1542d8,normal
21,AvaMoore,5e884898da28047151d0e56f8dc6292773603d0d6aabbdd62a11ef721d1542d8,normal
22,MadisonAnderson,5e884898da28047151d0e56f8dc6292773603d0d6aabbdd62a11ef721d1542d8,normal
23,EllaThompson,5e884898da28047151d0e56f8dc6292773603d0d6aabbdd62a11ef721d1542d8,normal
24,IsabellaGarcia,5e884898da28047151d0e56f8dc6292773603d0d6aabbdd62a11ef721d1542d8,normal
25,GraceThompson,5e884898da28047151d0e56f8dc6292773603d0d6aabbdd62a11ef721d1542d8,normal
26,SarahClark,5e884898da28047151d0e56f8dc6292773603d0d6aabbdd62a11ef721d1542d8,normal
27,SarahSmith,5e884898da28047151d0e56f8dc6292773603d0d6aabbdd62a11ef721d1542d8,normal
28,DavidAllen,5e884898da28047151d0e56f8dc6292773603d0d6aabbdd62a11ef721d1542d8,normal
29,MatthewMartinez,5e884898da28047151d0e56f8dc6292773603d0d6aabbdd62a11ef721d1542d8,normal
30,AlexanderHarris,5e884898da28047151d0e56f8dc6292773603d0d6aabbdd62a11ef721d1542d8,normal
31,IsabellaAnderson,5e884898da28047151d0e56f8dc6292773603d0d6aabbdd62a11ef721d1542d8,normal
32,MatthewMartin,5e884898da28047151d0e56f8dc6292773603d0d6aabbdd62a11ef721d1542d8,normal
33,EthanJones,5e884898da28047151d0e56f8dc6292773603d0d6aabbdd62a11ef721d1542d8,normal
34,LilyYoung,5e884898da28047151d0e56f8dc6292773603d0d6aabbdd62a11ef721d1542d8,normal
35,MadisonHarris,5e884898da28047151d0e56f8dc6292773603d0d6aabbdd62a11ef721d1542d8,normal
36,MiaDavis,5e884898da28047151d0e56f8dc6292773603d0d6aabbdd62a11ef721d1542d8,normal
37,IsabellaLewis,5e884898da28047151d0e56f8dc6292773603d0d6aabbdd62a11ef721d1542d8,normal
38,EthanAllen,5e884898da28047151d0e56f8dc6292773603d0d6aabbdd62a11ef721d1542d8,normal
39,MichaelThomas,5e884898da28047151d0e56f8dc6292773603d0d6aabbdd62a11ef721d1542d8,normal
40,MiaLewis,5e884898da28047151d0e56f8dc6292773603d0d6aabbdd62a11ef721d1542d8,normal
41,EmmaKing,5e884898da28047151d0e56f8dc6292773603d0d6aabbdd62a11ef721d1542d8,normal
42,AlexanderHall,5e884898da28047151d0e56f8dc6292773603d0d6aabbdd62a11ef721d1542d8,normal
43,LoganYoung,5e884898da28047151d0e56f8dc6292773603d0d6aabbdd62a11ef721d1542d8,normal
44,WilliamThompson,5e884898da28047151d0e56f8dc6292773603d0d6aabbdd62a11ef721d1542d8,normal
45,JacobWilliams,5e884898da28047151d0e56f8dc6292773603d0d6aabbdd62a11ef721d1542d8,normal
46,MadisonHall,5e884898da28047151d0e56f8dc6292773603d0d6aabbdd62a11ef721d1542d8,normal
47,SarahLee,5e884898da28047151d0e56f8dc6292773603d0d6aabbdd62a11ef721d1542d8,normal
48,EllaKing,5e884898da28047151d0e56f8dc6292773603d0d6aabbdd62a11ef721d1542d8,normal
49,ChloeThompson,5e884898da28047151d0e56f8dc6292773603d0d6aabbdd62a11ef721d1542d8,normal
50,CalebJackson,5e884898da28047151d0e56f8dc6292773603d0d6aabbdd62a11ef721d1542d8,normal
51,EllaJohnson,5e884898da28047151d0e56f8dc6292773603d0d6aabbdd62a11ef721d1542d8,normal
52,EmilyDavis,5e884898da28047151d0e56f8dc6292773603d0d6aabbdd62a11ef721d1542d8,normal
53,JamesGarcia,5e884898da28047151d0e56f8dc6292773603d0d6aabbdd62a11ef721d1542d8,normal
54,LilyDavis,5e884898da28047151d0e56f8dc6292773603d0d6aabbdd62a11ef721d1542d8,normal
55,NoahMartin,5e884898da28047151d0e56f8dc6292773603d0d6aabbdd62a11ef721d1542d8,normal
56,MadisonMiller,5e884898da28047151d0e56f8dc6292773603d0d6aabbdd62a11ef721d1542d8,normal
57,LoganGarcia,5e884898da28047151d0e56f8dc6292773603d0d6aabbdd62a11ef721d1542d8,normal
58,SophiaMartin,5e884898da28047151d0e56f8dc6292773603d0d6aabbdd62a11ef721d1542d8,normal
59,JamesAnderson,5e884898da28047151d0e56f8dc6292773603d0d6aabbdd62a11ef721d1542d8,normal
60,JacobAnderson,5e884898da28047151d0e56f8dc6292773603d0d6aabbdd62a11ef721d1542d8,normal
61,DanielWhite,5e884898da28047151d0e56f8dc6292773603d0d6aabbdd62a11ef721d1542d8,normal
62,LoganAnderson,5e884898da28047151d0e56f8dc6292773603d0d6aabbdd62a11ef721d1542d8,normal
63,LoganLewis,5e884898da28047151d0e56f8dc6292773603d0d6aabbdd62a11ef721d1542d8,normal
64,AlexanderThomas,5e884898da28047151d0e56f8dc6292773603d0d6aabbdd62a11ef721d1542d8,normal
65,MadisonThomas,5e884898da28047151d0e56f8dc6292773603d0d6aabbdd62a11ef721d1542d8,normal
66,LucasWright,5e884898da28047151d0e56f8dc6292773603d0d6aabbdd62a11ef721d1542d8,normal
67,AbigailWilliams,5e884898da28047151d0e56f8dc6292773603d0d6aabbdd62a11ef721d1542d8,normal
68,LoganHarris,5e884898da28047151d0e56f8dc6292773603d0d6aabbdd62a11ef721d1542d8,normal
69,JohnWright,5e884898da28047151d0e56f8dc6292773603d0d6aabbdd62a11ef721d1542d8,normal
70,JamesTaylor,5e884898da28047151d0e56f8dc6292773603d0d6aabbdd62a11ef721d1542d8,normal
71,JamesHall,5e884898da28047151d0e56f8dc6292773603d0d6aabbdd62a11ef721d1542d8,normal
72,JacobHall,5e884898da28047151d0e56f8dc6292773603d0d6aabbdd62a11ef721d1542d8,normal
73,GraceYoung,5e884898da28047151d0e56f8dc6292773603d0d6aabbdd62a11ef721d1542d8,normal
74,JacobJones,5e884898da28047151d0e56f8dc6292773603d0d6aabbdd62a11ef721d1542d8,normal
75,BenjaminJohnson,5e884898da28047151d0e56f8dc6292773603d0d6aabbdd62a11ef721d1542d8,normal
76,EmmaGarcia,5e884898da28047151d0e56f8dc6292773603d0d6aabbdd62a11ef721d1542d8,normal
77,JacobMiller,5e884898da28047151d0e56f8dc6292773603d0d6aabbdd62a11ef721d1542d8,normal
78,LucasWhite,5e884898da28047151d0e56f8dc6292773603d0d6aabbdd62a11ef721d1542d8,normal
79,WilliamClark,5e884898da28047151d0e56f8dc6292773603d0d6aabbdd62a11ef721d1542d8,normal
80,AbigailClark,5e884898da28047151d0e56f8dc6292773603d0d6aabbdd62a11ef721d1542d8,normal
81,JohnWhite,5e884898da28047151d0e56f8dc6292773603d0d6aabbdd62a11ef721d1542d8,normal
82,MiaWright,5e884898da28047151d0e56f8dc6292773603d0d6aabbdd62a11ef721d1542d8,normal
83,MichaelJackson,5e884898da28047151d0e56f8dc6292773603d0d6aabbdd62a11ef721d1542d8,normal
84,AbigailBrown,5e884898da28047151d0e56f8dc6292773603d0d6aabbdd62a11ef721d1542d8,normal
85,MichaelMartinez,5e884898da28047151d0e56f8dc6292773603d0d6aabbdd62a11ef721d1542d8,normal
86,EllaGarcia,5e884898da28047151d0e56f8dc6292773603d0d6aabbdd62a11ef721d1542d8,normal
87,MichaelMartin,5e884898da28047151d0e56f8dc6292773603d0d6aabbdd62a11ef721d1542d8,normal
88,EmmaLewis,5e884898da28047151d0e56f8dc6292773603d0d6aabbdd62a11ef721d1542d8,normal
89,IsabellaWilson,5e884898da28047151d0e56f8dc6292773603d0d6aabbdd62a11ef721d1542d8,normal
90,EllaAnderson,5e884898da28047151d0e56f8dc6292773603d0d6aabbdd62a11ef721d1542d8,normal
91,BenjaminRobinson,5e884898da28047151d0e56f8dc6292773603d0d6aabbdd62a11ef721d1542d8,normal
92,JamesThomas,5e884898da28047151d0e56f8dc6292773603d0d6aabbdd62a11ef721d1542d8,normal
93,DavidWhite,5e884898da28047151d0e56f8dc6292773603d0d6aabbdd62a11ef721d1542d8,normal
94,EllaLewis,5e884898da28047151d0e56f8dc6292773603d0d6aabbdd62a11ef721d1542d8,normal
95,ChloeYoung,5e884898da28047151d0e56f8dc6292773603d0d6aabbdd62a11ef721d1542d8,normal
96,GraceLewis,5e884898da28047151d0e56f8dc6292773603d0d6aabbdd62a11ef721d1542d8,normal
97,LoganThomas,5e884898da28047151d0e56f8dc6292773603d0d6aabbdd62a11ef721d1542d8,normal
98,MiaWhite,5e884898da28047151d0e56f8dc6292773603d0d6aabbdd62a11ef721d1542d8,normal
99,EmilyWright,5e884898da28047151d0e56f8dc6292773603d0d6aabbdd62a11ef721d1542d8,normal
100,AbigailLee,5e884898da28047151d0e56f8dc6292773603d0d6aabbdd62a11ef721d1542d8,normal
101,LilyWright,5e884898da28047151d0e56f8dc6292773603d0d6aabbdd62a11ef721d1542d8,normal
102,JacobRodriguez,5e884898da28047151d0e56f8dc6292773603d0d6aabbdd62a11ef721d1542d8,normal
103,NoahRobinson,5e884898da28047151d0e56f8dc6292773603d0d6aabbdd62a11ef721d1542d8,normal
104,DanielThompson,5e884898da28047151d0e56f8dc6292773603d0d6aabbdd62a11ef721d1542d8,normal
105,MatthewWilliams,5e884898da28047151d0e56f8dc6292773603d0d6aabbdd62a11ef721d1542d8,normal
106,EllaHarris,5e884898da28047151d0e56f8dc6292773603d0d6aabbdd62a11ef721d1542d8,normal
107,SophiaRobinson,5e884898da28047151d0e56f8dc6292773603d0d6aabbdd62a11ef721d1542d8,normal
108,AbigailAllen,5e884898da28047151d0e56f8dc6292773603d0d6aabbdd62a11ef721d1542d8,normal
109,HannahJohnson,5e884898da28047151d0e56f8dc6292773603d0d6aabbdd62a11ef721d1542d8,normal
110,JacobMoore,5e884898da28047151d0e56f8dc6292773603d0d6aabbdd62a11ef721d1542d8,normal
111,AbigailDavis,5e884898da28047151d0e56f8dc6292773603d0d6aabbdd62a11ef721d1542d8,normal
112,WilliamLewis,5e884898da28047151d0e56f8dc6292773603d0d6aabbdd62a11ef721d1542d8,normal
113,MadisonJackson,5e884898da28047151d0e56f8dc6292773603d0d6aabbdd62a11ef721d1542d8,normal
114,JamesWilson,5e884898da28047151d0e56f8dc6292773603d0d6aabbdd62a11ef721d1542d8,normal
115,JacobWilson,5e884898da28047151d0e56f8dc6292773603d0d6aabbdd62a11ef721d1542d8,normal
116,EmilyWhite,5e884898da28047151d0e56f8dc6292773603d0d6aabbdd62a11ef721d1542d8,normal
117,LilyWhite,5e884898da28047151d0e56f8dc6292773603d0d6aabbdd62a11ef721d1542d8,normal
118,MadisonMartinez,5e884898da28047151d0e56f8dc6292773603d0d6aabbdd62a11ef721d1542d8,normal
119,AlexanderMartin,5e884898da28047151d0e56f8dc6292773603d0d6aabbdd62a11ef721d1542d8,normal
120,LoganWilson,5e884898da28047151d0e56f8dc6292773603d0d6aabbdd62a11ef721d1542d8,normal
121,ChloeLewis,5e884898da28047151d0e56f8dc6292773603d0d6aabbdd62a11ef721d1542d8,normal
122,MadisonMartin,5e884898da28047151d0e56f8dc6292773603d0d6aabbdd62a11ef721d1542d8,normal
123,NoahWilliams,5e884898da28047151d0e56f8dc6292773603d0d6aabbdd62a11ef721d1542d8,normal
124,MatthewSmith,5e884898da28047151d0e56f8dc6292773603d0d6aabbdd62a11ef721d1542d8,normal
125,MatthewBrown,5e884898da28047151d0e56f8dc6292773603d0d6aabbdd62a11ef721d1542d8,normal
126,SophiaWilliams,5e884898da28047151d0e56f8dc6292773603d0d6aabbdd62a11ef721d1542d8,normal
127,IsabellaMartin,5e884898da28047151d0e56f8dc6292773603d0d6aabbdd62a11ef721d1542d8,normal
128,MatthewTaylor,5e884898da28047151d0e56f8dc6292773603d0d6aabbdd62a11ef721d1542d8,normal
129,EllaThomas,5e884898da28047151d0e56f8dc6292773603d0d6aabbdd62a11ef721d1542d8,normal
130,BenjaminHarris,5e884898da28047151d0e56f8dc6292773603d0d6aabbdd62a11ef721d1542d8,normal
131,EmmaWright,5e884898da28047151d0e56f8dc6292773603d0d6aabbdd62a11ef721d1542d8,normal
132,NoahWalker,5e884898da28047151d0e56f8dc6292773603d0d6aabbdd62a11ef721d1542d8,normal
133,SophiaSmith,5e884898da28047151d0e56f8dc6292773603d0d6aabbdd62a11ef721d1542d8,normal
134,MatthewJones,5e884898da28047151d0e56f8dc6292773603d0d6aabbdd62a11ef721d1542d8,normal
135,DavidThompson,5e884898da28047151d0e56f8dc6292773603d0d6aabbdd62a11ef721d1542d8,normal
136,BenjaminTaylor,5e884898da28047151d0e56f8dc6292773603d0d6aabbdd62a11ef721d1542d8,normal
137,MatthewAllen,5e884898da28047151d0e56f8dc6292773603d0d6aabbdd62a11ef721d1542d8,normal
138,MichaelRobinson,5e884898da28047151d0e56f8dc6292773603d0d6aabbdd62a11ef721d1542d8,normal
139,BenjaminHall,5e884898da28047151d0e56f8dc6292773603d0d6aabbdd62a11ef721d1542d8,normal
140,EllaWright,5e884898da28047151d0e56f8dc6292773603d0d6aabbdd62a11ef721d1542d8,normal
141,JacobJackson,5e884898da28047151d0e56f8dc6292773603d0d6aabbdd62a11ef721d1542d8,normal
142,JamesMartinez,5e884898da28047151d0e56f8dc6292773603d0d6aabbdd62a11ef721d1542d8,normal
143,JacobMartinez,5e884898da28047151d0e56f8dc6292773603d0d6aabbdd62a11ef721d1542d8,normal
144,LucasKing,5e884898da28047151d0e56f8dc6292773603d0d6aabbdd62a11ef721d1542d8,normal
145,CalebYoung,5e884898da28047151d0e56f8dc6292773603d0d6aabbdd62a11ef721d1542d8,normal
146,HannahGarcia,5e884898da28047151d0e56f8dc6292773603d0d6aabbdd62a11ef721d1542d8,normal
147,BenjaminJones,5e884898da28047151d0e56f8dc6292773603d0d6aabbdd62a11ef721d1542d8,normal
148,JamesMartin,5e884898da28047151d0e56f8dc6292773603d0d6aabbdd62a11ef721d1542d8,normal
149,AvaSmith,5e884898da28047151d0e56f8dc6292773603d0d6aabbdd62a11ef721d1542d8,normal
150,AvaClark,5e884898da28047151d0e56f8dc6292773603d0d6aabbdd62a11ef721d1542d8,normal
151,EthanThompson,5e884898da28047151d0e56f8dc6292773603d0d6aabbdd62a11ef721d1542d8,normal
152,LucasJohnson,5e884898da28047151d0e56f8dc6292773603d0d6aabbdd62a11ef721d1542d8,normal
153,JacobMartin,5e884898da28047151d0e56f8dc6292773603d0d6aabbdd62a11ef721d1542d8,normal
154,NoahLee,5e884898da28047151d0e56f8dc6292773603d0d6aabbdd62a11ef721d1542d8,normal
155,AvaBrown,5e884898da28047151d0e56f8dc6292773603d0d6aabbdd62a11ef721d1542d8,normal
156,BenjaminMiller,5e884898da28047151d0e56f8dc6292773603d0d6aabbdd62a11ef721d1542d8,normal
157,LoganMartinez,5e884898da28047151d0e56f8dc6292773603d0d6aabbdd62a11ef721d1542d8,normal
158,JohnJohnson,5e884898da28047151d0e56f8dc6292773603d0d6aabbdd62a11ef721d1542d8,normal
159,LoganMartin,5e884898da28047151d0e56f8dc6292773603d0d6aabbdd62a11ef721d1542d8,normal
160,EllaWilson,5e884898da28047151d0e56f8dc6292773603d0d6aabbdd62a11ef721d1542d8,normal
161,HannahAnderson,5e884898da28047151d0e56f8dc6292773603d0d6aabbdd62a11ef721d1542d8,normal
162,NoahAllen,5e884898da28047151d0e56f8dc6292773603d0d6aabbdd62a11ef721d1542d8,normal
163,SophiaJones,5e884898da28047151d0e56f8dc6292773603d0d6aabbdd62a11ef721d1542d8,normal
164,MichaelWilliams,5e884898da28047151d0e56f8dc6292773603d0d6aabbdd62a11ef721d1542d8,normal
165,WilliamWright,5e884898da28047151d0e56f8dc6292773603d0d6aabbdd62a11ef721d1542d8,normal
166,SophiaAllen,5e884898da28047151d0e56f8dc6292773603d0d6aabbdd62a11ef721d1542d8,normal
167,DavidKing,5e884898da28047151d0e56f8dc6292773603d0d6aabbdd62a11ef721d1542d8,normal
168,MatthewRodriguez,5e884898da28047151d0e56f8dc6292773603d0d6aabbdd62a11ef721d1542d8,normal
169,CalebDavis,5e884898da28047151d0e56f8dc6292773603d0d6aabbdd62a11ef721d1542d8,normal
170,SarahThompson,5e884898da28047151d0e56f8dc6292773603d0d6aabbdd62a11ef721d1542d8,normal
171,MiaKing,5e884898da28047151d0e56f8dc6292773603d0d6aabbdd62a11ef721d1542d8,normal
172,ChloeWright,5e884898da28047151d0e56f8dc6292773603d0d6aabbdd62a11ef721d1542d8,normal
173,AvaLee,5e884898da28047151d0e56f8dc6292773603d0d6aabbdd62a11ef721d1542d8,normal
174,BenjaminThomas,5e884898da28047151d0e56f8dc6292773603d0d6aabbdd62a11ef721d1542d8,normal
175,MiaJohnson,5e884898da28047151d0e56f8dc6292773603d0d6aabbdd62a11ef721d1542d8,normal
176,JohnRobinson,5e884898da28047151d0e56f8dc6292773603d0d6aabbdd62a11ef721d1542d8,normal
177,AlexanderRobinson,5e884898da28047151d0e56f8dc6292773603d0d6aabbdd62a11ef721d1542d8,normal
178,MatthewMoore,5e884898da28047151d0e56f8dc6292773603d0d6aabbdd62a11ef721d1542d8,normal
179,OliviaYoung,5e884898da28047151d0e56f8dc6292773603d0d6aabbdd62a11ef721d1542d8,normal
180,MadisonRobinson,5e884898da28047151d0e56f8dc6292773603d0d6aabbdd62a11ef721d1542d8,normal
181,HannahHall,5e884898da28047151d0e56f8dc6292773603d0d6aabbdd62a11ef721d1542d8,normal
182,BenjaminRodriguez,5e884898da28047151d0e56f8dc6292773603d0d6aabbdd62a11ef721d1542d8,normal
183,WilliamWhite,5e884898da28047151d0e56f8dc6292773603d0d6aabbdd62a11ef721d1542d8,normal
184,DanielLewis,5e884898da28047151d0e56f8dc6292773603d0d6aabbdd62a11ef721d1542d8,normal
185,MichaelSmith,5e884898da28047151d0e56f8dc6292773603d0d6aabbdd62a11ef721d1542d8,normal
186,AbigailWhite,5e884898da28047151d0e56f8dc6292773603d0d6aabbdd62a11ef721d1542d8,normal
187,AvaDavis,5e884898da28047151d0e56f8dc6292773603d0d6aabbdd62a11ef721d1542d8,normal
188,MichaelBrown,5e884898da28047151d0e56f8dc6292773603d0d6aabbdd62a11ef721d1542d8,normal
189,ChloeWhite,5e884898da28047151d0e56f8dc6292773603d0d6aabbdd62a11ef721d1542d8,normal
190,EmilyKing,5e884898da28047151d0e56f8dc6292773603d0d6aabbdd62a11ef721d1542d8,normal
191,HannahMiller,5e884898da28047151d0e56f8dc6292773603d0d6aabbdd62a11ef721d1542d8,normal
192,IsabellaRobinson,5e884898da28047151d0e56f8dc6292773603d0d6aabbdd62a11ef721d1542d8,normal
193,NoahRodriguez,5e884898da28047151d0e56f8dc6292773603d0d6aabbdd62a11ef721d1542d8,normal
194,OliviaGarcia,5e884898da28047151d0e56f8dc6292773603d0d6aabbdd62a11ef721d1542d8,normal
195,LilyJohnson,5e884898da28047151d0e56f8dc6292773603d0d6aabbdd62a11ef721d1542d8,normal
196,SophiaRodriguez,5e884898da28047151d0e56f8dc6292773603d0d6aabbdd62a11ef721d1542d8,normal
197,SarahKing,5e884898da28047151d0e56f8dc6292773603d0d6aabbdd62a11ef721d1542d8,normal
198,EllaMartinez,5e884898da28047151d0e56f8dc6292773603d0d6aabbdd62a11ef721d1542d8,normal
199,AlexanderWilliams,5e884898da28047151d0e56f8dc6292773603d0d6aabbdd62a11ef721d1542d8,normal
200,NoahMoore,5e884898da28047151d0e56f8dc6292773603d0d6aabbdd62a11ef721d1542d8,normal
201,MadisonWilliams,5e884898da28047151d0e56f8dc6292773603d0d6aabbdd62a11ef721d1542d8,normal
202,EllaMartin,5e884898da28047151d0e56f8dc6292773603d0d6aabbdd62a11ef721d1542d8,normal
203,LucasGarcia,5e884898da28047151d0e56f8dc6292773603d0d6aabbdd62a11ef721d1542d8,normal
204,SophiaMoore,5e884898da28047151d0e56f8dc6292773603d0d6aabbdd62a11ef721d1542d8,normal
205,OliviaLewis,5e884898da28047151d0e56f8dc6292773603d0d6aabbdd62a11ef721d1542d8,normal
206,DavidYoung,5e884898da28047151d0e56f8dc6292773603d0d6aabbdd62a11ef721d1542d8,normal
207,IsabellaWilliams,5e884898da28047151d0e56f8dc6292773603d0d6aabbdd62a11ef721d1542d8,normal
208,MichaelJones,5e884898da28047151d0e56f8dc6292773603d0d6aabbdd62a11ef721d1542d8,normal
209,LucasAnderson,5e884898da28047151d0e56f8dc6292773603d0d6aabbdd62a11ef721d1542d8,normal
210,JohnAnderson,5e884898da28047151d0e56f8dc6292773603d0d6aabbdd62a11ef721d1542d8,normal
211,MichaelAllen,5e884898da28047151d0e56f8dc6292773603d0d6aabbdd62a11ef721d1542d8,normal
212,EthanYoung,5e884898da28047151d0e56f8dc6292773603d0d6aabbdd62a11ef721d1542d8,normal
213,AlexanderSmith,5e884898da28047151d0e56f8dc6292773603d0d6aabbdd62a11ef721d1542d8,normal
214,AlexanderBrown,5e884898da28047151d0e56f8dc6292773603d0d6aabbdd62a11ef721d1542d8,normal
215,JamesRobinson,5e884898da28047151d0e56f8dc6292773603d0d6aabbdd62a11ef721d1542d8,normal
216,MadisonSmith,5e884898da28047151d0e56f8dc6292773603d0d6aabbdd62a11ef721d1542d8,normal
217,DavidGarcia,5e884898da28047151d0e56f8dc6292773603d0d6aabbdd62a11ef721d1542d8,normal
218,LucasHarris,5e884898da28047151d0e56f8dc6292773603d0d6aabbdd62a11ef721d1542d8,normal
219,MadisonWalker,5e884898da28047151d0e56f8dc6292773603d0d6aabbdd62a11ef721d1542d8,normal
220,LoganRobinson,5e884898da28047151d0e56f8dc6292773603d0d6aabbdd62a11ef721d1542d8,normal
221,MatthewJackson,5e884898da28047151d0e56f8dc6292773603d0d6aabbdd62a11ef721d1542d8,normal
222,MiaGarcia,5e884898da28047151d0e56f8dc6292773603d0d6aabbdd62a11ef721d1542d8,normal
223,JohnHarris,5e884898da28047151d0e56f8dc6292773603d0d6aabbdd62a11ef721d1542d8,normal
224,LucasTaylor,5e884898da28047151d0e56f8dc6292773603d0d6aabbdd62a11ef721d1542d8,normal
225,HannahWilson,5e884898da28047151d0e56f8dc6292773603d0d6aabbdd62a11ef721d1542d8,normal
226,DavidLewis,5e884898da28047151d0e56f8dc6292773603d0d6aabbdd62a11ef721d1542d8,normal
227,MiaAnderson,5e884898da28047151d0e56f8dc6292773603d0d6aabbdd62a11ef721d1542d8,normal
228,LucasHall,5e884898da28047151d0e56f8dc6292773603d0d6aabbdd62a11ef721d1542d8,normal
229,BenjaminJackson,5e884898da28047151d0e56f8dc6292773603d0d6aabbdd62a11ef721d1542d8,normal
230,AlexanderTaylor,5e884898da28047151d0e56f8dc6292773603d0d6aabbdd62a11ef721d1542d8,normal
231,JohnHall,5e884898da28047151d0e56f8dc6292773603d0d6aabbdd62a11ef721d1542d8,normal
232,BenjaminMartinez,5e884898da28047151d0e56f8dc6292773603d0d6aabbdd62a11ef721d1542d8,normal
233,AlexanderLee,5e884898da28047151d0e56f8dc6292773603d0d6aabbdd62a11ef721d1542d8,normal
234,JamesWilliams,5e884898da28047151d0e56f8dc6292773603d0d6aabbdd62a11ef721d1542d8,normal
235,EmmaJohnson,5e884898da28047151d0e56f8dc6292773603d0d6aabbdd62a11ef721d1542d8,normal
236,BenjaminMartin,5e884898da28047151d0e56f8dc6292773603d0d6aabbdd62a11ef721d1542d8,normal
237,JohnJones,5e884898da28047151d0e56f8dc6292773603d0d6aabbdd62a11ef721d1542d8,normal
238,DavidHarris,5e884898da28047151d0e56f8dc6292773603d0d6aabbdd62a11ef721d1542d8,normal
239,EthanLewis,5e884898da28047151d0e56f8dc6292773603d0d6aabbdd62a11ef721d1542d8,normal
240,LucasMiller,5e884898da28047151d0e56f8dc6292773603d0d6aabbdd62a11ef721d1542d8,normal
241,AlexanderJones,5e884898da28047151d0e56f8dc6292773603d0d6aabbdd62a11ef721d1542d8,normal
242,LoganWilliams,5e884898da28047151d0e56f8dc6292773603d0d6aabbdd62a11ef721d1542d8,normal
243,LilyGarcia,5e884898da28047151d0e56f8dc6292773603d0d6aabbdd62a11ef721d1542d8,normal
244,NoahJackson,5e884898da28047151d0e56f8dc6292773603d0d6aabbdd62a11ef721d1542d8,normal
245,MiaHarris,5e884898da28047151d0e56f8dc6292773603d0d6aabbdd62a11ef721d1542d8,normal
246,JohnMiller,5e884898da28047151d0e56f8dc6292773603d0d6aabbdd62a11ef721d1542d8,normal
247,GraceKing,5e884898da28047151d0e56f8dc6292773603d0d6aabbdd62a11ef721d1542d8,normal
248,IsabellaTaylor,5e884898da28047151d0e56f8dc6292773603d0d6aabbdd62a11ef721d1542d8,normal
249,MichaelMoore,5e884898da28047151d0e56f8dc6292773603d0d6aabbdd62a11ef721d1542d8,normal
250,EmilyAnderson,5e884898da28047151d0e56f8dc6292773603d0d6aabbdd62a11ef721d1542d8,normal
251,IsabellaHall,5e884898da28047151d0e56f8dc6292773603d0d6aabbdd62a11ef721d1542d8,normal
252,LilyAnderson,5e884898da28047151d0e56f8dc6292773603d0d6aabbdd62a11ef721d1542d8,normal
253,MiaTaylor,5e884898da28047151d0e56f8dc6292773603d0d6aabbdd62a11ef721d1542d8,normal
254,MadisonDavis,5e884898da28047151d0e56f8dc6292773603d0d6aabbdd62a11ef721d1542d8,normal
255,MiaHall,5e884898da28047151d0e56f8dc6292773603d0d6aabbdd62a11ef721d1542d8,normal
256,IsabellaJones,5e884898da28047151d0e56f8dc6292773603d0d6aabbdd62a11ef721d1542d8,normal
257,JamesSmith,5e884898da28047151d0e56f8dc6292773603d0d6aabbdd62a11ef721d1542d8,normal
258,JacobClark,5e884898da28047151d0e56f8dc6292773603d0d6aabbdd62a11ef721d1542d8,normal
259,SarahLewis,5e884898da28047151d0e56f8dc6292773603d0d6aabbdd62a11ef721d1542d8,normal
260,LucasThomas,5e884898da28047151d0e56f8dc6292773603d0d6aabbdd62a11ef721d1542d8,normal
261,JacobBrown,5e884898da28047151d0e56f8dc6292773603d0d6aabbdd62a11ef721d1542d8,normal
262,JamesWalker,5e884898da28047151d0e56f8dc6292773603d0d6aabbdd62a11ef721d1542d8,normal
263,JacobWalker,5e884898da28047151d0e56f8dc6292773603d0d6aabbdd62a11ef721d1542d8,normal
264,JohnThomas,5e884898da28047151d0e56f8dc6292773603d0d6aabbdd62a11ef721d1542d8,normal
265,OliviaWright,5e884898da28047151d0e56f8dc6292773603d0d6aabbdd62a11ef721d1542d8,normal
266,MiaMiller,5e884898da28047151d0e56f8dc6292773603d0d6aabbdd62a11ef721d1542d8,normal
267,LoganBrown,5e884898da28047151d0e56f8dc6292773603d0d6aabbdd62a11ef721d1542d8,normal
268,LoganWalker,5e884898da28047151d0e56f8dc6292773603d0d6aabbdd62a11ef721d1542d8,normal
269,AvaWhite,5e884898da28047151d0e56f8dc6292773603d0d6aabbdd62a11ef721d1542d8,normal
270,SarahHarris,5e884898da28047151d0e56f8dc6292773603d0d6aabbdd62a11ef721d1542d8,normal
271,ChloeKing,5e884898da28047151d0e56f8dc6292773603d0d6aabbdd62a11ef721d1542d8,normal
272,EmilyTaylor,5e884898da28047151d0e56f8dc6292773603d0d6aabbdd62a11ef721d1542d8,normal
273,JohnRodriguez,5e884898da28047151d0e56f8dc6292773603d0d6aabbdd62a11ef721d1542d8,normal
274,HannahMartinez,5e884898da28047151d0e56f8dc6292773603d0d6aabbdd62a11ef721d1542d8,normal
275,AlexanderRodriguez,5e884898da28047151d0e56f8dc6292773603d0d6aabbdd62a11ef721d1542d8,normal
276,EmilyHall,5e884898da28047151d0e56f8dc6292773603d0d6aabbdd62a11ef721d1542d8,normal
277,LilyHall,5e884898da28047151d0e56f8dc6292773603d0d6aabbdd62a11ef721d1542d8,normal
278,ChloeJohnson,5e884898da28047151d0e56f8dc6292773603d0d6aabbdd62a11ef721d1542d8,normal
279,IsabellaThomas,5e884898da28047151d0e56f8dc6292773603d0d6aabbdd62a11ef721d1542d8,normal
280,JamesLee,5e884898da28047151d0e56f8dc6292773603d0d6aabbdd62a11ef721d1542d8,normal
281,JacobLee,5e884898da28047151d0e56f8dc6292773603d0d6aabbdd62a11ef721d1542d8,normal
282,LoganTaylor,5e884898da28047151d0e56f8dc6292773603d0d6aabbdd62a11ef721d1542d8,normal
283,OliviaWhite,5e884898da28047151d0e56f8dc6292773603d0d6aabbdd62a11ef721d1542d8,normal
284,EmilyMiller,5e884898da28047151d0e56f8dc6292773603d0d6aabbdd62a11ef721d1542d8,normal
285,MiaThomas,5e884898da28047151d0e56f8dc6292773603d0d6aabbdd62a11ef721d1542d8,normal
286,LucasWilson,5e884898da28047151d0e56f8dc6292773603d0d6aabbdd62a11ef721d1542d8,normal
287,LoganHall,5e884898da28047151d0e56f8dc6292773603d0d6aabbdd62a11ef721d1542d8,normal
288,LoganLee,5e884898da28047151d0e56f8dc6292773603d0d6aabbdd62a11ef721d1542d8,normal
289,LilyMiller,5e884898da28047151d0e56f8dc6292773603d0d6aabbdd62a11ef721d1542d8,normal
290,MadisonMoore,5e884898da28047151d0e56f8dc6292773603d0d6aabbdd62a11ef721d1542d8,normal
291,JohnWilson,5e884898da28047151d0e56f8dc6292773603d0d6aabbdd62a11ef721d1542d8,normal
292,IsabellaRodriguez,5e884898da28047151d0e56f8dc6292773603d0d6aabbdd62a11ef721d1542d8,normal
293,EllaWilliams,5e884898da28047151d0e56f8dc6292773603d0d6aabbdd62a11ef721d1542d8,normal
294,JamesAllen,5e884898da28047151d0e56f8dc6292773603d0d6aabbdd62a11ef721d1542d8,normal
295,JacobAllen,5e884898da28047151d0e56f8dc6292773603d0d6aabbdd62a11ef721d1542d8,normal
296,SarahMiller,5e884898da28047151d0e56f8dc6292773603d0d6aabbdd62a11ef721d1542d8,normal
297,DavidWright,5e884898da28047151d0e56f8dc6292773603d0d6aabbdd62a11ef721d1542d8,normal
298,LoganAllen,5e884898da28047151d0e56f8dc6292773603d0d6aabbdd62a11ef721d1542d8,normal
299,GraceGarcia,5e884898da28047151d0e56f8dc6292773603d0d6aabbdd62a11ef721d1542d8,normal
300,EmilyThomas,5e884898da28047151d0e56f8dc6292773603d0d6aabbdd62a11ef721d1542d8,normal
301,LilyThomas,5e884898da28047151d0e56f8dc6292773603d0d6aabbdd62a11ef721d1542d8,normal
302,NoahThompson,5e884898da28047151d0e56f8dc6292773603d0d6aabbdd62a11ef721d1542d8,normal
303,AbigailYoung,5e884898da28047151d0e56f8dc6292773603d0d6aabbdd62a11ef721d1542d8,normal
304,MiaWilson,5e884898da28047151d0e56f8dc6292773603d0d6aabbdd62a11ef721d1542d8,normal
305,GraceAnderson,5e884898da28047151d0e56f8dc6292773603d0d6aabbdd62a11ef721d1542d8,normal
306,SarahThomas,5e884898da28047151d0e56f8dc6292773603d0d6aabbdd62a11ef721d1542d8,normal
307,SophiaThompson,5e884898da28047151d0e56f8dc6292773603d0d6aabbdd62a11ef721d1542d8,normal
308,WilliamGarcia,5e884898da28047151d0e56f8dc6292773603d0d6aabbdd62a11ef721d1542d8,normal
309,EthanWhite,5e884898da28047151d0e56f8dc6292773603d0d6aabbdd62a11ef721d1542d8,normal
310,LoganRodriguez,5e884898da28047151d0e56f8dc6292773603d0d6aabbdd62a11ef721d1542d8,normal
311,AbigailGarcia,5e884898da28047151d0e56f8dc6292773603d0d6aabbdd62a11ef721d1542d8,normal
312,EmmaHall,5e884898da28047151d0e56f8dc6292773603d0d6aabbdd62a11ef721d1542d8,normal
313,JamesMoore,5e884898da28047151d0e56f8dc6292773603d0d6aabbdd62a11ef721d1542d8,normal
314,EmilyWilson,5e884898da28047151d0e56f8dc6292773603d0d6aabbdd62a11ef721d1542d8,normal
315,LucasMartinez,5e884898da28047151d0e56f8dc6292773603d0d6aabbdd62a11ef721d1542d8,normal
316,JohnJackson,5e884898da28047151d0e56f8dc6292773603d0d6aabbdd62a11ef721d1542d8,normal
317,EmmaJones,5e884898da28047151d0e56f8dc6292773603d0d6aabbdd62a11ef721d1542d8,normal
318,ChloeGarcia,5e884898da28047151d0e56f8dc6292773603d0d6aabbdd62a11ef721d1542d8,normal
319,EllaTaylor,5e884898da28047151d0e56f8dc6292773603d0d6aabbdd62a11ef721d1542d8,normal
320,WilliamAnderson,5e884898da28047151d0e56f8dc6292773603d0d6aabbdd62a11ef721d1542d8,normal
321,JohnMartinez,5e884898da28047151d0e56f8dc6292773603d0d6aabbdd62a11ef721d1542d8,normal
322,LucasMartin,5e884898da28047151d0e56f8dc6292773603d0d6aabbdd62a11ef721d1542d8,normal
323,LoganMoore,5e884898da28047151d0e56f8dc6292773603d0d6aabbdd62a11ef721d1542d8,normal
324,EllaHall,5e884898da28047151d0e56f8dc6292773603d0d6aabbdd62a11ef721d1542d8,normal
325,EmmaMiller,5e884898da28047151d0e56f8dc6292773603d0d6aabbdd62a11ef721d1542d8,normal
326,GraceHall,5e884898da28047151d0e56f8dc6292773603d0d6aabbdd62a11ef721d1542d8,normal
327,AbigailLewis,5e884898da28047151d0e56f8dc6292773603d0d6aabbdd62a11ef721d1542d8,normal
328,CalebKing,5e884898da28047151d0e56f8dc6292773603d0d6aabbdd62a11ef721d1542d8,normal
329,GraceJones,5e884898da28047151d0e56f8dc6292773603d0d6aabbdd62a11ef721d1542d8,normal
330,MatthewClark,5e884898da28047151d0e56f8dc6292773603d0d6aabbdd62a11ef721d1542d8,normal
331,CalebJohnson,5e884898da28047151d0e56f8dc6292773603d0d6aabbdd62a11ef721d1542d8,normal
332,WilliamHarris,5e884898da28047151d0e56f8dc6292773603d0d6aabbdd62a11ef721d1542d8,normal
333,AbigailHarris,5e884898da28047151d0e56f8dc6292773603d0d6aabbdd62a11ef721d1542d8,normal
334,IsabellaJackson,5e884898da28047151d0e56f8dc6292773603d0d6aabbdd62a11ef721d1542d8,normal
335,DavidBrown,5e884898da28047151d0e56f8dc6292773603d0d6aabbdd62a11ef721d1542d8,normal
336,HannahRobinson,5e884898da28047151d0e56f8dc6292773603d0d6aabbdd62a11ef721d1542d8,normal
337,ChloeHarris,5e884898da28047151d0e56f8dc6292773603d0d6aabbdd62a11ef721d1542d8,normal
338,DanielJohnson,5e884898da28047151d0e56f8dc6292773603d0d6aabbdd62a11ef721d1542d8,normal
339,WilliamTaylor,5e884898da28047151d0e56f8dc6292773603d0d6aabbdd62a11ef721d1542d8,normal
340,MiaMartinez,5e884898da28047151d0e56f8dc6292773603d0d6aabbdd62a11ef721d1542d8,normal
341,BenjaminClark,5e884898da28047151d0e56f8dc6292773603d0d6aabbdd62a11ef721d1542d8,normal
342,EmmaThomas,5e884898da28047151d0e56f8dc6292773603d0d6aabbdd62a11ef721d1542d8,normal
343,AvaKing,5e884898da28047151d0e56f8dc6292773603d0d6aabbdd62a11ef721d1542d8,normal
344,WilliamHall,5e884898da28047151d0e56f8dc6292773603d0d6aabbdd62a11ef721d1542d8,normal
345,BenjaminBrown,5e884898da28047151d0e56f8dc6292773603d0d6aabbdd62a11ef721d1542d8,normal
346,MiaMartin,5e884898da28047151d0e56f8dc6292773603d0d6aabbdd62a11ef721d1542d8,normal
347,AvaJohnson,5e884898da28047151d0e56f8dc6292773603d0d6aabbdd62a11ef721d1542d8,normal
348,EmmaRodriguez,5e884898da28047151d0e56f8dc6292773603d0d6aabbdd62a11ef721d1542d8,normal
349,MichaelThompson,5e884898da28047151d0e56f8dc6292773603d0d6aabbdd62a11ef721d1542d8,normal
350,WilliamMiller,5e884898da28047151d0e56f8dc6292773603d0d6aabbdd62a11ef721d1542d8,normal
351,EmmaMoore,5e884898da28047151d0e56f8dc6292773603d0d6aabbdd62a11ef721d1542d8,normal
352,EllaRodriguez,5e884898da28047151d0e56f8dc6292773603d0d6aabbdd62a11ef721d1542d8,normal
353,EmilyMartinez,5e884898da28047151d0e56f8dc6292773603d0d6aabbdd62a11ef721d1542d8,normal
354,LilyMartinez,5e884898da28047151d0e56f8dc6292773603d0d6aabbdd62a11ef721d1542d8,normal
355,GraceRodriguez,5e884898da28047151d0e56f8dc6292773603d0d6aabbdd62a11ef721d1542d8,normal
356,DanielRobinson,5e884898da28047151d0e56f8dc6292773603d0d6aabbdd62a11ef721d1542d8,normal
357,OliviaJohnson,5e884898da28047151d0e56f8dc6292773603d0d6aabbdd62a11ef721d1542d8,normal
358,LilyMartin,5e884898da28047151d0e56f8dc6292773603d0d6aabbdd62a11ef721d1542d8,normal
359,MatthewDavis,5e884898da28047151d0e56f8dc6292773603d0d6aabbdd62a11ef721d1542d8,normal
360,SarahMartinez,5e884898da28047151d0e56f8dc6292773603d0d6aabbdd62a11ef721d1542d8,normal
361,EllaMoore,5e884898da28047151d0e56f8dc6292773603d0d6aabbdd62a11ef721d1542d8,normal
362,LoganJackson,5e884898da28047151d0e56f8dc6292773603d0d6aabbdd62a11ef721d1542d8,normal
363,SophiaYoung,5e884898da28047151d0e56f8dc6292773603d0d6aabbdd62a11ef721d1542d8,normal
364,BenjaminAllen,5e884898da28047151d0e56f8dc6292773603d0d6aabbdd62a11ef721d1542d8,normal
365,WilliamThomas,5e884898da28047151d0e56f8dc6292773603d0d6aabbdd62a11ef721d1542d8,normal
366,BenjaminDavis,5e884898da28047151d0e56f8dc6292773603d0d6aabbdd62a11ef721d1542d8,normal
367,HannahSmith,5e884898da28047151d0e56f8dc6292773603d0d6aabbdd62a11ef721d1542d8,normal
368,OliviaRobinson,5e884898da28047151d0e56f8dc6292773603d0d6aabbdd62a11ef721d1542d8,normal
369,NoahDavis,5e884898da28047151d0e56f8dc6292773603d0d6aabbdd62a11ef721d1542d8,normal
370,MadisonThompson,5e884898da28047151d0e56f8dc6292773603d0d6aabbdd62a11ef721d1542d8,normal
371,SophiaDavis,5e884898da28047151d0e56f8dc6292773603d0d6aabbdd62a11ef721d1542d8,normal
372,DavidJohnson,5e884898da28047151d0e56f8dc6292773603d0d6aabbdd62a11ef721d1542d8,normal
373,NoahLewis,5e884898da28047151d0e56f8dc6292773603d0d6aabbdd62a11ef721d1542d8,normal
374,CalebAnderson,5e884898da28047151d0e56f8dc6292773603d0d6aabbdd62a11ef721d1542d8,normal
375,SophiaLewis,5e884898da28047151d0e56f8dc6292773603d0d6aabbdd62a11ef721d1542d8,normal
376,WilliamWilson,5e884898da28047151d0e56f8dc6292773603d0d6aabbdd62a11ef721d1542d8,normal
377,AvaGarcia,5e884898da28047151d0e56f8dc6292773603d0d6aabbdd62a11ef721d1542d8,normal
378,HannahLee,5e884898da28047151d0e56f8dc6292773603d0d6aabbdd62a11ef721d1542d8,normal
379,EthanJohnson,5e884898da28047151d0e56f8dc6292773603d0d6aabbdd62a11ef721d1542d8,normal
380,CalebHarris,5e884898da28047151d0e56f8dc6292773603d0d6aabbdd62a11ef721d1542d8,normal
381,MichaelClark,5e884898da28047151d0e56f8dc6292773603d0d6aabbdd62a11ef721d1542d8,normal
382,HannahJones,5e884898da28047151d0e56f8dc6292773603d0d6aabbdd62a11ef721d1542d8,normal
383,EmmaJackson,5e884898da28047151d0e56f8dc6292773603d0d6aabbdd62a11ef721d1542d8,normal
384,AvaAnderson,5e884898da28047151d0e56f8dc6292773603d0d6aabbdd62a11ef721d1542d8,normal
385,EmmaMartinez,5e884898da28047151d0e56f8dc6292773603d0d6aabbdd62a11ef721d1542d8,normal
386,HannahAllen,5e884898da28047151d0e56f8dc6292773603d0d6aabbdd62a11ef721d1542d8,normal
387,AvaLewis,5e884898da28047151d0e56f8dc6292773603d0d6aabbdd62a11ef721d1542d8,normal
388,DavidRobinson,5e884898da28047151d0e56f8dc6292773603d0d6aabbdd62a11ef721d1542d8,normal
389,EmmaMartin,5e884898da28047151d0e56f8dc6292773603d0d6aabbdd62a11ef721d1542d8,normal
390,LucasWilliams,5e884898da28047151d0e56f8dc6292773603d0d6aabbdd62a11ef721d1542d8,normal
391,MiaRobinson,5e884898da28047151d0e56f8dc6292773603d0d6aabbdd62a11ef721d1542d8,normal
392,EllaJackson,5e884898da28047151d0e56f8dc6292773603d0d6aabbdd62a11ef721d1542d8,normal
393,GraceJackson,5e884898da28047151d0e56f8dc6292773603d0d6aabbdd62a11ef721d1542d8,normal
394,MichaelYoung,5e884898da28047151d0e56f8dc6292773603d0d6aabbdd62a11ef721d1542d8,normal
395,AvaHarris,5e884898da28047151d0e56f8dc6292773603d0d6aabbdd62a11ef721d1542d8,normal
396,DanielTaylor,5e884898da28047151d0e56f8dc6292773603d0d6aabbdd62a11ef721d1542d8,normal
397,OliviaAnderson,5e884898da28047151d0e56f8dc6292773603d0d6aabbdd62a11ef721d1542d8,normal
398,GraceMartin,5e884898da28047151d0e56f8dc6292773603d0d6aabbdd62a11ef721d1542d8,normal
399,DanielHall,5e884898da28047151d0e56f8dc6292773603d0d6aabbdd62a11ef721d1542d8,normal
400,CalebMiller,5e884898da28047151d0e56f8dc6292773603d0d6aabbdd62a11ef721d1542d8,normal
401,JamesThompson,5e884898da28047151d0e56f8dc6292773603d0d6aabbdd62a11ef721d1542d8,normal
402,JacobThompson,5e884898da28047151d0e56f8dc6292773603d0d6aabbdd62a11ef721d1542d8,normal
403,DanielJones,5e884898da28047151d0e56f8dc6292773603d0d6aabbdd62a11ef721d1542d8,normal
404,MatthewWright,5e884898da28047151d0e56f8dc6292773603d0d6aabbdd62a11ef721d1542d8,normal
405,DanielMiller,5e884898da28047151d0e56f8dc6292773603d0d6aabbdd62a11ef721d1542d8,normal
406,LucasBrown,5e884898da28047151d0e56f8dc6292773603d0d6aabbdd62a11ef721d1542d8,normal
407,JohnSmith,5e884898da28047151d0e56f8dc6292773603d0d6aabbdd62a11ef721d1542d8,normal
408,MiaWilliams,5e884898da28047151d0e56f8dc6292773603d0d6aabbdd62a11ef721d1542d8,normal
409,HannahRodriguez,5e884898da28047151d0e56f8dc6292773603d0d6aabbdd62a11ef721d1542d8,normal
410,JohnBrown,5e884898da28047151d0e56f8dc6292773603d0d6aabbdd62a11ef721d1542d8,normal
411,MichaelDavis,5e884898da28047151d0e56f8dc6292773603d0d6aabbdd62a11ef721d1542d8,normal
412,WilliamMartinez,5e884898da28047151d0e56f8dc6292773603d0d6aabbdd62a11ef721d1542d8,normal
413,JohnWalker,5e884898da28047151d0e56f8dc6292773603d0d6aabbdd62a11ef721d1542d8,normal
414,AvaMiller,5e884898da28047151d0e56f8dc6292773603d0d6aabbdd62a11ef721d1542d8,normal
415,MadisonClark,5e884898da28047151d0e56f8dc6292773603d0d6aabbdd62a11ef721d1542d8,normal
416,WilliamMartin,5e884898da28047151d0e56f8dc6292773603d0d6aabbdd62a11ef721d1542d8,normal
417,OliviaTaylor,5e884898da28047151d0e56f8dc6292773603d0d6aabbdd62a11ef721d1542d8,normal
418,MichaelLewis,5e884898da28047151d0e56f8dc6292773603d0d6aabbdd62a11ef721d1542d8,normal
419,ChloeMartinez,5e884898da28047151d0e56f8dc6292773603d0d6aabbdd62a11ef721d1542d8,normal
420,HannahMoore,5e884898da28047151d0e56f8dc6292773603d0d6aabbdd62a11ef721d1542d8,normal
421,MatthewWhite,5e884898da28047151d0e56f8dc6292773603d0d6aabbdd62a11ef721d1542d8,normal
422,OliviaJones,5e884898da28047151d0e56f8dc6292773603d0d6aabbdd62a11ef721d1542d8,normal
423,IsabellaSmith,5e884898da28047151d0e56f8dc6292773603d0d6aabbdd62a11ef721d1542d8,normal
424,DanielThomas,5e884898da28047151d0e56f8dc6292773603d0d6aabbdd62a11ef721d1542d8,normal
425,MadisonYoung,5e884898da28047151d0e56f8dc6292773603d0d6aabbdd62a11ef721d1542d8,normal
426,LucasLee,5e884898da28047151d0e56f8dc6292773603d0d6aabbdd62a11ef721d1542d8,normal
427,JacobKing,5e884898da28047151d0e56f8dc6292773603d0d6aabbdd62a11ef721d1542d8,normal
428,EmilyWilliams,5e884898da28047151d0e56f8dc6292773603d0d6aabbdd62a11ef721d1542d8,normal
429,LilyWilliams,5e884898da28047151d0e56f8dc6292773603d0d6aabbdd62a11ef721d1542d8,normal
430,IsabellaWalker,5e884898da28047151d0e56f8dc6292773603d0d6aabbdd62a11ef721d1542d8,normal
431,SophiaWright,5e884898da28047151d0e56f8dc6292773603d0d6aabbdd62a11ef721d1542d8,normal
432,JohnLee,5e884898da28047151d0e56f8dc6292773603d0d6aabbdd62a11ef721d1542d8,normal
433,MiaBrown,5e884898da28047151d0e56f8dc6292773603d0d6aabbdd62a11ef721d1542d8,normal
434,MiaWalker,5e884898da28047151d0e56f8dc6292773603d0d6aabbdd62a11ef721d1542d8,normal
435,AvaThomas,5e884898da28047151d0e56f8dc6292773603d0d6aabbdd62a11ef721d1542d8,normal
436,LucasJones,5e884898da28047151d0e56f8dc6292773603d0d6aabbdd62a11ef721d1542d8,normal
437,DanielRodriguez,5e884898da28047151d0e56f8dc6292773603d0d6aabbdd62a11ef721d1542d8,normal
438,EthanAnderson,5e884898da28047151d0e56f8dc6292773603d0d6aabbdd62a11ef721d1542d8,normal
439,SarahWilliams,5e884898da28047151d0e56f8dc6292773603d0d6aabbdd62a11ef721d1542d8,normal
440,LucasAllen,5e884898da28047151d0e56f8dc6292773603d0d6aabbdd62a11ef721d1542d8,normal
441,JohnAllen,5e884898da28047151d0e56f8dc6292773603d0d6aabbdd62a11ef721d1542d8,normal
442,CalebWilson,5e884898da28047151d0e56f8dc6292773603d0d6aabbdd62a11ef721d1542d8,normal
443,DanielMoore,5e884898da28047151d0e56f8dc6292773603d0d6aabbdd62a11ef721d1542d8,normal
444,NoahWhite,5e884898da28047151d0e56f8dc6292773603d0d6aabbdd62a11ef721d1542d8,normal
445,DavidTaylor,5e884898da28047151d0e56f8dc6292773603d0d6aabbdd62a11ef721d1542d8,normal
446,AvaWright,5e884898da28047151d0e56f8dc6292773603d0d6aabbdd62a11ef721d1542d8,normal
447,AlexanderDavis,5e884898da28047151d0e56f8dc6292773603d0d6aabbdd62a11ef721d1542d8,normal
448,IsabellaLee,5e884898da28047151d0e56f8dc6292773603d0d6aabbdd62a11ef721d1542d8,normal
449,DavidHall,5e884898da28047151d0e56f8dc6292773603d0d6aabbdd62a11ef721d1542d8,normal
450,EmilySmith,5e884898da28047151d0e56f8dc6292773603d0d6aabbdd62a11ef721d1542d8,normal
451,SophiaWhite,5e884898da28047151d0e56f8dc6292773603d0d6aabbdd62a11ef721d1542d8,normal
452,LilySmith,5e884898da28047151d0e56f8dc6292773603d0d6aabbdd62a11ef721d1542d8,normal
453,DanielWilson,5e884898da28047151d0e56f8dc6292773603d0d6aabbdd62a11ef721d1542d8,normal
454,AlexanderLewis,5e884898da28047151d0e56f8dc6292773603d0d6aabbdd62a11ef721d1542d8,normal
455,LilyBrown,5e884898da28047151d0e56f8dc6292773603d0d6aabbdd62a11ef721d1542d8,normal
456,EmilyWalker,5e884898da28047151d0e56f8dc6292773603d0d6aabbdd62a11ef721d1542d8,normal
457,LilyWalker,5e884898da28047151d0e56f8dc6292773603d0d6aabbdd62a11ef721d1542d8,normal
458,DavidJones,5e884898da28047151d0e56f8dc6292773603d0d6aabbdd62a11ef721d1542d8,normal
459,MadisonLewis,5e884898da28047151d0e56f8dc6292773603d0d6aabbdd62a11ef721d1542d8,normal
460,JamesClark,5e884898da28047151d0e56f8dc6292773603d0d6aabbdd62a11ef721d1542d8,normal
461,OliviaRodriguez,5e884898da28047151d0e56f8dc6292773603d0d6aabbdd62a11ef721d1542d8,normal
462,MiaJones,5e884898da28047151d0e56f8dc6292773603d0d6aabbdd62a11ef721d1542d8,normal
463,EthanHall,5e884898da28047151d0e56f8dc6292773603d0d6aabbdd62a11ef721d1542d8,normal
464,IsabellaDavis,5e884898da28047151d0e56f8dc6292773603d0d6aabbdd62a11ef721d1542d8,normal
465,LoganClark,5e884898da28047151d0e56f8dc6292773603d0d6aabbdd62a11ef721d1542d8,normal
466,OliviaMoore,5e884898da28047151d0e56f8dc6292773603d0d6aabbdd62a11ef721d1542d8,normal
467,LucasRodriguez,5e884898da28047151d0e56f8dc6292773603d0d6aabbdd62a11ef721d1542d8,normal
468,HannahJackson,5e884898da28047151d0e56f8dc6292773603d0d6aabbdd62a11ef721d1542d8,normal
469,JamesYoung,5e884898da28047151d0e56f8dc6292773603d0d6aabbdd62a11ef721d1542d8,normal
470,LilyTaylor,5e884898da28047151d0e56f8dc6292773603d0d6aabbdd62a11ef721d1542d8,normal
471,JacobYoung,5e884898da28047151d0e56f8dc6292773603d0d6aabbdd62a11ef721d1542d8,normal
472,EmilyLee,5e884898da28047151d0e56f8dc6292773603d0d6aabbdd62a11ef721d1542d8,normal
473,OliviaWilson,5e884898da28047151d0e56f8dc6292773603d0d6aabbdd62a11ef721d1542d8,normal
474,SarahTaylor,5e884898da28047151d0e56f8dc6292773603d0d6aabbdd62a11ef721d1542d8,normal
475,EmilyJones,5e884898da28047151d0e56f8dc6292773603d0d6aabbdd62a11ef721d1542d8,normal
476,EmmaWilliams,5e884898da28047151d0e56f8dc6292773603d0d6aabbdd62a11ef721d1542d8,normal
477,JohnMoore,5e884898da28047151d0e56f8dc6292773603d0d6aabbdd62a11ef721d1542d8,normal
478,MichaelWright,5e884898da28047151d0e56f8dc6292773603d0d6aabbdd62a11ef721d1542d8,normal
479,LilyAllen,5e884898da28047151d0e56f8dc6292773603d0d6aabbdd62a11ef721d1542d8,normal
480,SarahJones,5e884898da28047151d0e56f8dc6292773603d0d6aabbdd62a11ef721d1542d8,normal
481,JacobGarcia,5e884898da28047151d0e56f8dc6292773603d0d6aabbdd62a11ef721d1542d8,normal
482,DavidRodriguez,5e884898da28047151d0e56f8dc6292773603d0d6aabbdd62a11ef721d1542d8,normal
483,WilliamRobinson,5e884898da28047151d0e56f8dc6292773603d0d6aabbdd62a11ef721d1542d8,normal
484,SarahAllen,5e884898da28047151d0e56f8dc6292773603d0d6aabbdd62a11ef721d1542d8,normal
485,EthanThomas,5e884898da28047151d0e56f8dc6292773603d0d6aabbdd62a11ef721d1542d8,normal
486,CalebMartin,5e884898da28047151d0e56f8dc6292773603d0d6aabbdd62a11ef721d1542d8,normal
487,MiaRodriguez,5e884898da28047151d0e56f8dc6292773603d0d6aabbdd62a11ef721d1542d8,normal
488,JamesDavis,5e884898da28047151d0e56f8dc6292773603d0d6aabbdd62a11ef721d1542d8,normal
489,DanielJackson,5e884898da28047151d0e56f8dc6292773603d0d6aabbdd62a11ef721d1542d8,normal
490,ChloeRobinson,5e884898da28047151d0e56f8dc6292773603d0d6aabbdd62a11ef721d1542d8,normal
491,DanielMartinez,5e884898da28047151d0e56f8dc6292773603d0d6aabbdd62a11ef721d1542d8,normal
492,BenjaminThompson,5e884898da28047151d0e56f8dc6292773603d0d6aabbdd62a11ef721d1542d8,normal
493,DavidMoore,5e884898da28047151d0e56f8dc6292773603d0d6aabbdd62a11ef721d1542d8,normal
494,LoganDavis,5e884898da28047151d0e56f8dc6292773603d0d6aabbdd62a11ef721d1542d8,normal
495,EthanRodriguez,5e884898da28047151d0e56f8dc6292773603d0d6aabbdd62a11ef721d1542d8,normal
496,JamesLewis,5e884898da28047151d0e56f8dc6292773603d0d6aabbdd62a11ef721d1542d8,normal
497,DanielMartin,5e884898da28047151d0e56f8dc6292773603d0d6aabbdd62a11ef721d1542d8,normal
498,EmmaSmith,5e884898da28047151d0e56f8dc6292773603d0d6aabbdd62a11ef721d1542d8,normal
499,EmmaClark,5e884898da28047151d0e56f8dc6292773603d0d6aabbdd62a11ef721d1542d8,normal
500,MichaelWhite,5e884898da28047151d0e56f8dc6292773603d0d6aabbdd62a11ef721d1542d8,normal
501,MiaMoore,5e884898da28047151d0e56f8dc6292773603d0d6aabbdd62a11ef721d1542d8,normal
502,EmmaBrown,5e884898da28047151d0e56f8dc6292773603d0d6aabbdd62a11ef721d1542d8,normal
503,AvaMartinez,5e884898da28047151d0e56f8dc6292773603d0d6aabbdd62a11ef721d1542d8,normal
504,DavidWilson,5e884898da28047151d0e56f8dc6292773603d0d6aabbdd62a11ef721d1542d8,normal
505,JacobHarris,5e884898da28047151d0e56f8dc6292773603d0d6aabbdd62a11ef721d1542d8,normal
506,EllaClark,5e884898da28047151d0e56f8dc6292773603d0d6aabbdd62a11ef721d1542d8,normal
507,EllaSmith,5e884898da28047151d0e56f8dc6292773603d0d6aabbdd62a11ef721d1542d8,normal
508,EmilyRodriguez,5e884898da28047151d0e56f8dc6292773603d0d6aabbdd62a11ef721d1542d8,normal
509,GraceClark,5e884898da28047151d0e56f8dc6292773603d0d6aabbdd62a11ef721d1542d8,normal
510,LilyRodriguez,5e884898da28047151d0e56f8dc6292773603d0d6aabbdd62a11ef721d1542d8,normal
511,EllaWalker,5e884898da28047151d0e56f8dc6292773603d0d6aabbdd62a11ef721d1542d8,normal
512,GraceBrown,5e884898da28047151d0e56f8dc6292773603d0d6aabbdd62a11ef721d1542d8,normal
513,EthanWilson,5e884898da28047151d0e56f8dc6292773603d0d6aabbdd62a11ef721d1542d8,normal
514,GraceWalker,5e884898da28047151d0e56f8dc6292773603d0d6aabbdd62a11ef721d1542d8,normal
515,MatthewJohnson,5e884898da28047151d0e56f8dc6292773603d0d6aabbdd62a11ef721d1542d8,normal
516,AlexanderWright,5e884898da28047151d0e56f8dc6292773603d0d6aabbdd62a11ef721d1542d8,normal
517,MadisonWright,5e884898da28047151d0e56f8dc6292773603d0d6aabbdd62a11ef721d1542d8,normal
518,LilyMoore,5e884898da28047151d0e56f8dc6292773603d0d6aabbdd62a11ef721d1542d8,normal
519,EmmaLee,5e884898da28047151d0e56f8dc6292773603d0d6aabbdd62a11ef721d1542d8,normal
520,BenjaminKing,5e884898da28047151d0e56f8dc6292773603d0d6aabbdd62a11ef721d1542d8,normal
521,LucasJackson,5e884898da28047151d0e56f8dc6292773603d0d6aabbdd62a11ef721d1542d8,normal
522,SarahMoore,5e884898da28047151d0e56f8dc6292773603d0d6aabbdd62a11ef721d1542d8,normal
523,AbigailAnderson,5e884898da28047151d0e56f8dc6292773603d0d6aabbdd62a11ef721d1542d8,normal
524,WilliamSmith,5e884898da28047151d0e56f8dc6292773603d0d6aabbdd62a11ef721d1542d8,normal
525,NoahKing,5e884898da28047151d0e56f8dc6292773603d0d6aabbdd62a11ef721d1542d8,normal
526,GraceLee,5e884898da28047151d0e56f8dc6292773603d0d6aabbdd62a11ef721d1542d8,normal
527,WilliamBrown,5e884898da28047151d0e56f8dc6292773603d0d6aabbdd62a11ef721d1542d8,normal
528,WilliamWalker,5e884898da28047151d0e56f8dc6292773603d0d6aabbdd62a11ef721d1542d8,normal
529,EmmaDavis,5e884898da28047151d0e56f8dc6292773603d0d6aabbdd62a11ef721d1542d8,normal
530,AlexanderWhite,5e884898da28047151d0e56f8dc6292773603d0d6aabbdd62a11ef721d1542d8,normal
531,NoahJohnson,5e884898da28047151d0e56f8dc6292773603d0d6aabbdd62a11ef721d1542d8,normal
532,SophiaKing,5e884898da28047151d0e56f8dc6292773603d0d6aabbdd62a11ef721d1542d8,normal
533,MadisonWhite,5e884898da28047151d0e56f8dc6292773603d0d6aabbdd62a11ef721d1542d8,normal
534,ChloeBrown,5e884898da28047151d0e56f8dc6292773603d0d6aabbdd62a11ef721d1542d8,normal
535,SophiaJohnson,5e884898da28047151d0e56f8dc6292773603d0d6aabbdd62a11ef721d1542d8,normal
536,GraceAllen,5e884898da28047151d0e56f8dc6292773603d0d6aabbdd62a11ef721d1542d8,normal
537,DavidJackson,5e884898da28047151d0e56f8dc6292773603d0d6aabbdd62a11ef721d1542d8,normal
538,GraceDavis,5e884898da28047151d0e56f8dc6292773603d0d6aabbdd62a11ef721d1542d8,normal
539,DavidMartinez,5e884898da28047151d0e56f8dc6292773603d0d6aabbdd62a11ef721d1542d8,normal
540,IsabellaWhite,5e884898da28047151d0e56f8dc6292773603d0d6aabbdd62a11ef721d1542d8,normal
541,DavidMartin,5e884898da28047151d0e56f8dc6292773603d0d6aabbdd62a11ef721d1542d8,normal
542,AbigailTaylor,5e884898da28047151d0e56f8dc6292773603d0d6aabbdd62a11ef721d1542d8,normal
543,WilliamLee,5e884898da28047151d0e56f8dc6292773603d0d6aabbdd62a11ef721d1542d8,normal
544,EthanJackson,5e884898da28047151d0e56f8dc6292773603d0d6aabbdd62a11ef721d1542d8,normal
545,AbigailHall,5e884898da28047151d0e56f8dc6292773603d0d6aabbdd62a11ef721d1542d8,normal
546,WilliamJones,5e884898da28047151d0e56f8dc6292773603d0d6aabbdd62a11ef721d1542d8,normal
547,ChloeLee,5e884898da28047151d0e56f8dc6292773603d0d6aabbdd62a11ef721d1542d8,normal
548,AbigailJones,5e884898da28047151d0e56f8dc6292773603d0d6aabbdd62a11ef721d1542d8,normal
549,EthanMartin,5e884898da28047151d0e56f8dc6292773603d0d6aabbdd62a11ef721d1542d8,normal
550,JamesWright,5e884898da28047151d0e56f8dc6292773603d0d6aabbdd62a11ef721d1542d8,normal
551,JacobWright,5e884898da28047151d0e56f8dc6292773603d0d6aabbdd62a11ef721d1542d8,normal
552,CalebRobinson,5e884898da28047151d0e56f8dc6292773603d0d6aabbdd62a11ef721d1542d8,normal
553,WilliamAllen,5e884898da28047151d0e56f8dc6292773603d0d6aabbdd62a11ef721d1542d8,normal
554,BenjaminYoung,5e884898da28047151d0e56f8dc6292773603d0d6aabbdd62a11ef721d1542d8,normal
555,EmilyJackson,5e884898da28047151d0e56f8dc6292773603d0d6aabbdd62a11ef721d1542d8,normal
556,ChloeAllen,5e884898da28047151d0e56f8dc6292773603d0d6aabbdd62a11ef721d1542d8,normal
557,MatthewGarcia,5e884898da28047151d0e56f8dc6292773603d0d6aabbdd62a11ef721d1542d8,normal
558,NoahYoung,5e884898da28047151d0e56f8dc6292773603d0d6aabbdd62a11ef721d1542d8,normal
559,SarahJackson,5e884898da28047151d0e56f8dc6292773603d0d6aabbdd62a11ef721d1542d8,normal
560,MatthewAnderson,5e884898da28047151d0e56f8dc6292773603d0d6aabbdd62a11ef721d1542d8,normal
561,AvaRobinson,5e884898da28047151d0e56f8dc6292773603d0d6aabbdd62a11ef721d1542d8,normal
562,JamesWhite,5e884898da28047151d0e56f8dc6292773603d0d6aabbdd62a11ef721d1542d8,normal
563,GraceMoore,5e884898da28047151d0e56f8dc6292773603d0d6aabbdd62a11ef721d1542d8,normal
564,AbigailThomas,5e884898da28047151d0e56f8dc6292773603d0d6aabbdd62a11ef721d1542d8,normal
565,NoahGarcia,5e884898da28047151d0e56f8dc6292773603d0d6aabbdd62a11ef721d1542d8,normal
566,MatthewHarris,5e884898da28047151d0e56f8dc6292773603d0d6aabbdd62a11ef721d1542d8,normal
567,BenjaminLewis,5e884898da28047151d0e56f8dc6292773603d0d6aabbdd62a11ef721d1542d8,normal
568,JohnThompson,5e884898da28047151d0e56f8dc6292773603d0d6aabbdd62a11ef721d1542d8,normal
569,AbigailRodriguez,5e884898da28047151d0e56f8dc6292773603d0d6aabbdd62a11ef721d1542d8,normal
570,SophiaGarcia,5e884898da28047151d0e56f8dc6292773603d0d6aabbdd62a11ef721d1542d8,normal
571,ChloeRodriguez,5e884898da28047151d0e56f8dc6292773603d0d6aabbdd62a11ef721d1542d8,normal
572,NoahAnderson,5e884898da28047151d0e56f8dc6292773603d0d6aabbdd62a11ef721d1542d8,normal
573,SophiaAnderson,5e884898da28047151d0e56f8dc6292773603d0d6aabbdd62a11ef721d1542d8,normal
574,CalebBrown,5e884898da28047151d0e56f8dc6292773603d0d6aabbdd62a11ef721d1542d8,normal
575,AbigailWilson,5e884898da28047151d0e56f8dc6292773603d0d6aabbdd62a11ef721d1542d8,normal
576,NoahHarris,5e884898da28047151d0e56f8dc6292773603d0d6aabbdd62a11ef721d1542d8,normal
577,DanielSmith,5e884898da28047151d0e56f8dc6292773603d0d6aabbdd62a11ef721d1542d8,normal
578,MiaThompson,5e884898da28047151d0e56f8dc6292773603d0d6aabbdd62a11ef721d1542d8,normal
579,OliviaWilliams,5e884898da28047151d0e56f8dc6292773603d0d6aabbdd62a11ef721d1542d8,normal
580,SophiaHarris,5e884898da28047151d0e56f8dc6292773603d0d6aabbdd62a11ef721d1542d8,normal
581,AlexanderKing,5e884898da28047151d0e56f8dc6292773603d0d6aabbdd62a11ef721d1542d8,normal
582,EmmaWhite,5e884898da28047151d0e56f8dc6292773603d0d6aabbdd62a11ef721d1542d8,normal
583,HannahDavis,5e884898da28047151d0e56f8dc6292773603d0d6aabbdd62a11ef721d1542d8,normal
584,MadisonKing,5e884898da28047151d0e56f8dc6292773603d0d6aabbdd62a11ef721d1542d8,normal
585,CalebLee,5e884898da28047151d0e56f8dc6292773603d0d6aabbdd62a11ef721d1542d8,normal
586,AlexanderJohnson,5e884898da28047151d0e56f8dc6292773603d0d6aabbdd62a11ef721d1542d8,normal
587,SophiaHall,5e884898da28047151d0e56f8dc6292773603d0d6aabbdd62a11ef721d1542d8,normal
588,CalebJones,5e884898da28047151d0e56f8dc6292773603d0d6aabbdd62a11ef721d1542d8,normal
589,NoahMiller,5e884898da28047151d0e56f8dc6292773603d0d6aabbdd62a11ef721d1542d8,normal
590,EthanRobinson,5e884898da28047151d0e56f8dc6292773603d0d6aabbdd62a11ef721d1542d8,normal
591,EmilyThompson,5e884898da28047151d0e56f8dc6292773603d0d6aabbdd62a11ef721d1542d8,normal
592,EllaWhite,5e884898da28047151d0e56f8dc6292773603d0d6aabbdd62a11ef721d1542d8,normal
593,LilyThompson,5e884898da28047151d0e56f8dc6292773603d0d6aabbdd62a11ef721d1542d8,normal
594,OliviaClark,5e884898da28047151d0e56f8dc6292773603d0d6aabbdd62a11ef721d1542d8,normal
595,OliviaBrown,5e884898da28047151d0e56f8dc6292773603d0d6aabbdd62a11ef721d1542d8,normal
596,IsabellaJohnson,5e884898da28047151d0e56f8dc6292773603d0d6aabbdd62a11ef721d1542d8,normal
597,DavidWilliams,5e884898da28047151d0e56f8dc6292773603d0d6aabbdd62a11ef721d1542d8,normal
598,MichaelGarcia,5e884898da28047151d0e56f8dc6292773603d0d6aabbdd62a11ef721d1542d8,normal
599,LucasClark,5e884898da28047151d0e56f8dc6292773603d0d6aabbdd62a11ef721d1542d8,normal
600,AvaJones,5e884898da28047151d0e56f8dc6292773603d0d6aabbdd62a11ef721d1542d8,normal
601,AvaAllen,5e884898da28047151d0e56f8dc6292773603d0d6aabbdd62a11ef721d1542d8,normal
602,AbigailMartinez,5e884898da28047151d0e56f8dc6292773603d0d6aabbdd62a11ef721d1542d8,normal
603,MichaelAnderson,5e884898da28047151d0e56f8dc6292773603d0d6aabbdd62a11ef721d1542d8,normal
604,EthanWilliams,5e884898da28047151d0e56f8dc6292773603d0d6aabbdd62a11ef721d1542d8,normal
605,BenjaminWright,5e884898da28047151d0e56f8dc6292773603d0d6aabbdd62a11ef721d1542d8,normal
606,ChloeJackson,5e884898da28047151d0e56f8dc6292773603d0d6aabbdd62a11ef721d1542d8,normal
607,AbigailMartin,5e884898da28047151d0e56f8dc6292773603d0d6aabbdd62a11ef721d1542d8,normal
608,LucasYoung,5e884898da28047151d0e56f8dc6292773603d0d6aabbdd62a11ef721d1542d8,normal
609,JohnYoung,5e884898da28047151d0e56f8dc6292773603d0d6aabbdd62a11ef721d1542d8,normal
610,AlexanderYoung,5e884898da28047151d0e56f8dc6292773603d0d6aabbdd62a11ef721d1542d8,normal
611,DavidClark,5e884898da28047151d0e56f8dc6292773603d0d6aabbdd62a11ef721d1542d8,normal
612,DavidSmith,5e884898da28047151d0e56f8dc6292773603d0d6aabbdd62a11ef721d1542d8,normal
613,MichaelHarris,5e884898da28047151d0e56f8dc6292773603d0d6aabbdd62a11ef721d1542d8,normal
614,OliviaAllen,5e884898da28047151d0e56f8dc6292773603d0d6aabbdd62a11ef721d1542d8,normal
615,DavidWalker,5e884898da28047151d0e56f8dc6292773603d0d6aabbdd62a11ef721d1542d8,normal
616,mehdiouala,5e884898da28047151d0e56f8dc6292773603d0d6aabbdd62a11ef721d1542d8,admin
617,kamraouiadell,5e884898da28047151d0e56f8dc6292773603d0d6aabbdd62a11ef721d1542d8,normal
618,redakamraoui,5e884898da28047151d0e56f8dc6292773603d0d6aabbdd62a11ef721d1542d8,normal
619,rafikfartas,5e884898da28047151d0e56f8dc6292773603d0d6aabbdd62a11ef721d1542d8,normal
620,hadji,5e884898da28047151d0e56f8dc6292773603d0d6aabbdd62a11ef721d1542d8,normal
