user_id,username,5e884898da28047151d0e56f8dc6292773603d0d6aabbdd62a11ef721d1542d8
0,OliviaDavis,5e884898da28047151d0e56f8dc6292773603d0d6aabbdd62a11ef721d1542d8
1,LoganKing,5e884898da28047151d0e56f8dc6292773603d0d6aabbdd62a11ef721d1542d8
2,JacobJohnson,5e884898da28047151d0e56f8dc6292773603d0d6aabbdd62a11ef721d1542d8
3,BenjaminWhite,5e884898da28047151d0e56f8dc6292773603d0d6aabbdd62a11ef721d1542d8
4,MichaelTaylor,5e884898da28047151d0e56f8dc6292773603d0d6aabbdd62a11ef721d1542d8
5,EthanSmith,5e884898da28047151d0e56f8dc6292773603d0d6aabbdd62a11ef721d1542d8
6,LoganJohnson,5e884898da28047151d0e56f8dc6292773603d0d6aabbdd62a11ef721d1542d8
7,NoahWilson,5e884898da28047151d0e56f8dc6292773603d0d6aabbdd62a11ef721d1542d8
8,MichaelHall,5e884898da28047151d0e56f8dc6292773603d0d6aabbdd62a11ef721d1542d8
9,EthanWalker,5e884898da28047151d0e56f8dc6292773603d0d6aabbdd62a11ef721d1542d8
10,AlexanderGarcia,5e884898da28047151d0e56f8dc6292773603d0d6aabbdd62a11ef721d1542d8
11,LucasDavis,5e884898da28047151d0e56f8dc6292773603d0d6aabbdd62a11ef721d1542d8
12,SophiaWilson,5e884898da28047151d0e56f8dc6292773603d0d6aabbdd62a11ef721d1542d8
13,EmmaThompson,5e884898da28047151d0e56f8dc6292773603d0d6aabbdd62a11ef721d1542d8
14,MadisonGarcia,5e884898da28047151d0e56f8dc6292773603d0d6aabbdd62a11ef721d1542d8
15,DavidLee,5e884898da28047151d0e56f8dc6292773603d0d6aabbdd62a11ef721d1542d8
16,MichaelMiller,5e884898da28047151d0e56f8dc6292773603d0d6aabbdd62a11ef721d1542d8
17,AlexanderAnderson,5e884898da28047151d0e56f8dc6292773603d0d6aabbdd62a11ef721d1542d8
18,EmilyClark,5e884898da28047151d0e56f8dc6292773603d0d6aabbdd62a11ef721d1542d8
19,JohnLewis,5e884898da28047151d0e56f8dc6292773603d0d6aabbdd62a11ef721d1542d8
20,LilyClark,5e884898da28047151d0e56f8dc6292773603d0d6aabbdd62a11ef721d1542d8
21,AvaMoore,5e884898da28047151d0e56f8dc6292773603d0d6aabbdd62a11ef721d1542d8
22,MadisonAnderson,5e884898da28047151d0e56f8dc6292773603d0d6aabbdd62a11ef721d1542d8
23,EllaThompson,5e884898da28047151d0e56f8dc6292773603d0d6aabbdd62a11ef721d1542d8
24,IsabellaGarcia,5e884898da28047151d0e56f8dc6292773603d0d6aabbdd62a11ef721d1542d8
25,GraceThompson,5e884898da28047151d0e56f8dc6292773603d0d6aabbdd62a11ef721d1542d8
26,SarahClark,5e884898da28047151d0e56f8dc6292773603d0d6aabbdd62a11ef721d1542d8
27,SarahSmith,5e884898da28047151d0e56f8dc6292773603d0d6aabbdd62a11ef721d1542d8
28,DavidAllen,5e884898da28047151d0e56f8dc6292773603d0d6aabbdd62a11ef721d1542d8
29,MatthewMartinez,5e884898da28047151d0e56f8dc6292773603d0d6aabbdd62a11ef721d1542d8
30,AlexanderHarris,5e884898da28047151d0e56f8dc6292773603d0d6aabbdd62a11ef721d1542d8
31,IsabellaAnderson,5e884898da28047151d0e56f8dc6292773603d0d6aabbdd62a11ef721d1542d8
32,MatthewMartin,5e884898da28047151d0e56f8dc6292773603d0d6aabbdd62a11ef721d1542d8
33,EthanJones,5e884898da28047151d0e56f8dc6292773603d0d6aabbdd62a11ef721d1542d8
34,LilyYoung,5e884898da28047151d0e56f8dc6292773603d0d6aabbdd62a11ef721d1542d8
35,MadisonHarris,5e884898da28047151d0e56f8dc6292773603d0d6aabbdd62a11ef721d1542d8
36,MiaDavis,5e884898da28047151d0e56f8dc6292773603d0d6aabbdd62a11ef721d1542d8
37,IsabellaLewis,5e884898da28047151d0e56f8dc6292773603d0d6aabbdd62a11ef721d1542d8
38,EthanAllen,5e884898da28047151d0e56f8dc6292773603d0d6aabbdd62a11ef721d1542d8
39,MichaelThomas,5e884898da28047151d0e56f8dc6292773603d0d6aabbdd62a11ef721d1542d8
40,MiaLewis,5e884898da28047151d0e56f8dc6292773603d0d6aabbdd62a11ef721d1542d8
41,EmmaKing,5e884898da28047151d0e56f8dc6292773603d0d6aabbdd62a11ef721d1542d8
42,AlexanderHall,5e884898da28047151d0e56f8dc6292773603d0d6aabbdd62a11ef721d1542d8
43,LoganYoung,5e884898da28047151d0e56f8dc6292773603d0d6aabbdd62a11ef721d1542d8
44,WilliamThompson,5e884898da28047151d0e56f8dc6292773603d0d6aabbdd62a11ef721d1542d8
45,JacobWilliams,5e884898da28047151d0e56f8dc6292773603d0d6aabbdd62a11ef721d1542d8
46,MadisonHall,5e884898da28047151d0e56f8dc6292773603d0d6aabbdd62a11ef721d1542d8
47,SarahLee,5e884898da28047151d0e56f8dc6292773603d0d6aabbdd62a11ef721d1542d8
48,EllaKing,5e884898da28047151d0e56f8dc6292773603d0d6aabbdd62a11ef721d1542d8
49,ChloeThompson,5e884898da28047151d0e56f8dc6292773603d0d6aabbdd62a11ef721d1542d8
50,CalebJackson,5e884898da28047151d0e56f8dc6292773603d0d6aabbdd62a11ef721d1542d8
51,EllaJohnson,5e884898da28047151d0e56f8dc6292773603d0d6aabbdd62a11ef721d1542d8
52,EmilyDavis,5e884898da28047151d0e56f8dc6292773603d0d6aabbdd62a11ef721d1542d8
53,JamesGarcia,5e884898da28047151d0e56f8dc6292773603d0d6aabbdd62a11ef721d1542d8
54,LilyDavis,5e884898da28047151d0e56f8dc6292773603d0d6aabbdd62a11ef721d1542d8
55,NoahMartin,5e884898da28047151d0e56f8dc6292773603d0d6aabbdd62a11ef721d1542d8
56,MadisonMiller,5e884898da28047151d0e56f8dc6292773603d0d6aabbdd62a11ef721d1542d8
57,LoganGarcia,5e884898da28047151d0e56f8dc6292773603d0d6aabbdd62a11ef721d1542d8
58,SophiaMartin,5e884898da28047151d0e56f8dc6292773603d0d6aabbdd62a11ef721d1542d8
59,JamesAnderson,5e884898da28047151d0e56f8dc6292773603d0d6aabbdd62a11ef721d1542d8
60,JacobAnderson,5e884898da28047151d0e56f8dc6292773603d0d6aabbdd62a11ef721d1542d8
61,DanielWhite,5e884898da28047151d0e56f8dc6292773603d0d6aabbdd62a11ef721d1542d8
62,LoganAnderson,5e884898da28047151d0e56f8dc6292773603d0d6aabbdd62a11ef721d1542d8
63,LoganLewis,5e884898da28047151d0e56f8dc6292773603d0d6aabbdd62a11ef721d1542d8
64,AlexanderThomas,5e884898da28047151d0e56f8dc6292773603d0d6aabbdd62a11ef721d1542d8
65,MadisonThomas,5e884898da28047151d0e56f8dc6292773603d0d6aabbdd62a11ef721d1542d8
66,LucasWright,5e884898da28047151d0e56f8dc6292773603d0d6aabbdd62a11ef721d1542d8
67,AbigailWilliams,5e884898da28047151d0e56f8dc6292773603d0d6aabbdd62a11ef721d1542d8
68,LoganHarris,5e884898da28047151d0e56f8dc6292773603d0d6aabbdd62a11ef721d1542d8
69,JohnWright,5e884898da28047151d0e56f8dc6292773603d0d6aabbdd62a11ef721d1542d8
70,JamesTaylor,5e884898da28047151d0e56f8dc6292773603d0d6aabbdd62a11ef721d1542d8
71,JamesHall,5e884898da28047151d0e56f8dc6292773603d0d6aabbdd62a11ef721d1542d8
72,JacobHall,5e884898da28047151d0e56f8dc6292773603d0d6aabbdd62a11ef721d1542d8
73,GraceYoung,5e884898da28047151d0e56f8dc6292773603d0d6aabbdd62a11ef721d1542d8
74,JacobJones,5e884898da28047151d0e56f8dc6292773603d0d6aabbdd62a11ef721d1542d8
75,BenjaminJohnson,5e884898da28047151d0e56f8dc6292773603d0d6aabbdd62a11ef721d1542d8
76,EmmaGarcia,5e884898da28047151d0e56f8dc6292773603d0d6aabbdd62a11ef721d1542d8
77,JacobMiller,5e884898da28047151d0e56f8dc6292773603d0d6aabbdd62a11ef721d1542d8
78,LucasWhite,5e884898da28047151d0e56f8dc6292773603d0d6aabbdd62a11ef721d1542d8
79,WilliamClark,5e884898da28047151d0e56f8dc6292773603d0d6aabbdd62a11ef721d1542d8
80,AbigailClark,5e884898da28047151d0e56f8dc6292773603d0d6aabbdd62a11ef721d1542d8
81,JohnWhite,5e884898da28047151d0e56f8dc6292773603d0d6aabbdd62a11ef721d1542d8
82,MiaWright,5e884898da28047151d0e56f8dc6292773603d0d6aabbdd62a11ef721d1542d8
83,MichaelJackson,5e884898da28047151d0e56f8dc6292773603d0d6aabbdd62a11ef721d1542d8
84,AbigailBrown,5e884898da28047151d0e56f8dc6292773603d0d6aabbdd62a11ef721d1542d8
85,MichaelMartinez,5e884898da28047151d0e56f8dc6292773603d0d6aabbdd62a11ef721d1542d8
86,EllaGarcia,5e884898da28047151d0e56f8dc6292773603d0d6aabbdd62a11ef721d1542d8
87,MichaelMartin,5e884898da28047151d0e56f8dc6292773603d0d6aabbdd62a11ef721d1542d8
88,EmmaLewis,5e884898da28047151d0e56f8dc6292773603d0d6aabbdd62a11ef721d1542d8
89,IsabellaWilson,5e884898da28047151d0e56f8dc6292773603d0d6aabbdd62a11ef721d1542d8
90,EllaAnderson,5e884898da28047151d0e56f8dc6292773603d0d6aabbdd62a11ef721d1542d8
91,BenjaminRobinson,5e884898da28047151d0e56f8dc6292773603d0d6aabbdd62a11ef721d1542d8
92,JamesThomas,5e884898da28047151d0e56f8dc6292773603d0d6aabbdd62a11ef721d1542d8
93,DavidWhite,5e884898da28047151d0e56f8dc6292773603d0d6aabbdd62a11ef721d1542d8
94,EllaLewis,5e884898da28047151d0e56f8dc6292773603d0d6aabbdd62a11ef721d1542d8
95,ChloeYoung,5e884898da28047151d0e56f8dc6292773603d0d6aabbdd62a11ef721d1542d8
96,GraceLewis,5e884898da28047151d0e56f8dc6292773603d0d6aabbdd62a11ef721d1542d8
97,LoganThomas,5e884898da28047151d0e56f8dc6292773603d0d6aabbdd62a11ef721d1542d8
98,MiaWhite,5e884898da28047151d0e56f8dc6292773603d0d6aabbdd62a11ef721d1542d8
99,EmilyWright,5e884898da28047151d0e56f8dc6292773603d0d6aabbdd62a11ef721d1542d8
100,AbigailLee,5e884898da28047151d0e56f8dc6292773603d0d6aabbdd62a11ef721d1542d8
101,LilyWright,5e884898da28047151d0e56f8dc6292773603d0d6aabbdd62a11ef721d1542d8
102,JacobRodriguez,5e884898da28047151d0e56f8dc6292773603d0d6aabbdd62a11ef721d1542d8
103,NoahRobinson,5e884898da28047151d0e56f8dc6292773603d0d6aabbdd62a11ef721d1542d8
104,DanielThompson,5e884898da28047151d0e56f8dc6292773603d0d6aabbdd62a11ef721d1542d8
105,MatthewWilliams,5e884898da28047151d0e56f8dc6292773603d0d6aabbdd62a11ef721d1542d8
106,EllaHarris,5e884898da28047151d0e56f8dc6292773603d0d6aabbdd62a11ef721d1542d8
107,SophiaRobinson,5e884898da28047151d0e56f8dc6292773603d0d6aabbdd62a11ef721d1542d8
108,AbigailAllen,5e884898da28047151d0e56f8dc6292773603d0d6aabbdd62a11ef721d1542d8
109,HannahJohnson,5e884898da28047151d0e56f8dc6292773603d0d6aabbdd62a11ef721d1542d8
110,JacobMoore,5e884898da28047151d0e56f8dc6292773603d0d6aabbdd62a11ef721d1542d8
111,AbigailDavis,5e884898da28047151d0e56f8dc6292773603d0d6aabbdd62a11ef721d1542d8
112,WilliamLewis,5e884898da28047151d0e56f8dc6292773603d0d6aabbdd62a11ef721d1542d8
113,MadisonJackson,5e884898da28047151d0e56f8dc6292773603d0d6aabbdd62a11ef721d1542d8
114,JamesWilson,5e884898da28047151d0e56f8dc6292773603d0d6aabbdd62a11ef721d1542d8
115,JacobWilson,5e884898da28047151d0e56f8dc6292773603d0d6aabbdd62a11ef721d1542d8
116,EmilyWhite,5e884898da28047151d0e56f8dc6292773603d0d6aabbdd62a11ef721d1542d8
117,LilyWhite,5e884898da28047151d0e56f8dc6292773603d0d6aabbdd62a11ef721d1542d8
118,MadisonMartinez,5e884898da28047151d0e56f8dc6292773603d0d6aabbdd62a11ef721d1542d8
119,AlexanderMartin,5e884898da28047151d0e56f8dc6292773603d0d6aabbdd62a11ef721d1542d8
120,LoganWilson,5e884898da28047151d0e56f8dc6292773603d0d6aabbdd62a11ef721d1542d8
121,ChloeLewis,5e884898da28047151d0e56f8dc6292773603d0d6aabbdd62a11ef721d1542d8
122,MadisonMartin,5e884898da28047151d0e56f8dc6292773603d0d6aabbdd62a11ef721d1542d8
123,NoahWilliams,5e884898da28047151d0e56f8dc6292773603d0d6aabbdd62a11ef721d1542d8
124,MatthewSmith,5e884898da28047151d0e56f8dc6292773603d0d6aabbdd62a11ef721d1542d8
125,MatthewBrown,5e884898da28047151d0e56f8dc6292773603d0d6aabbdd62a11ef721d1542d8
126,SophiaWilliams,5e884898da28047151d0e56f8dc6292773603d0d6aabbdd62a11ef721d1542d8
127,IsabellaMartin,5e884898da28047151d0e56f8dc6292773603d0d6aabbdd62a11ef721d1542d8
128,MatthewTaylor,5e884898da28047151d0e56f8dc6292773603d0d6aabbdd62a11ef721d1542d8
129,EllaThomas,5e884898da28047151d0e56f8dc6292773603d0d6aabbdd62a11ef721d1542d8
130,BenjaminHarris,5e884898da28047151d0e56f8dc6292773603d0d6aabbdd62a11ef721d1542d8
131,EmmaWright,5e884898da28047151d0e56f8dc6292773603d0d6aabbdd62a11ef721d1542d8
132,NoahWalker,5e884898da28047151d0e56f8dc6292773603d0d6aabbdd62a11ef721d1542d8
133,SophiaSmith,5e884898da28047151d0e56f8dc6292773603d0d6aabbdd62a11ef721d1542d8
134,MatthewJones,5e884898da28047151d0e56f8dc6292773603d0d6aabbdd62a11ef721d1542d8
135,DavidThompson,5e884898da28047151d0e56f8dc6292773603d0d6aabbdd62a11ef721d1542d8
136,BenjaminTaylor,5e884898da28047151d0e56f8dc6292773603d0d6aabbdd62a11ef721d1542d8
137,MatthewAllen,5e884898da28047151d0e56f8dc6292773603d0d6aabbdd62a11ef721d1542d8
138,MichaelRobinson,5e884898da28047151d0e56f8dc6292773603d0d6aabbdd62a11ef721d1542d8
139,BenjaminHall,5e884898da28047151d0e56f8dc6292773603d0d6aabbdd62a11ef721d1542d8
140,EllaWright,5e884898da28047151d0e56f8dc6292773603d0d6aabbdd62a11ef721d1542d8
141,JacobJackson,5e884898da28047151d0e56f8dc6292773603d0d6aabbdd62a11ef721d1542d8
142,JamesMartinez,5e884898da28047151d0e56f8dc6292773603d0d6aabbdd62a11ef721d1542d8
143,JacobMartinez,5e884898da28047151d0e56f8dc6292773603d0d6aabbdd62a11ef721d1542d8
144,LucasKing,5e884898da28047151d0e56f8dc6292773603d0d6aabbdd62a11ef721d1542d8
145,CalebYoung,5e884898da28047151d0e56f8dc6292773603d0d6aabbdd62a11ef721d1542d8
146,HannahGarcia,5e884898da28047151d0e56f8dc6292773603d0d6aabbdd62a11ef721d1542d8
147,BenjaminJones,5e884898da28047151d0e56f8dc6292773603d0d6aabbdd62a11ef721d1542d8
148,JamesMartin,5e884898da28047151d0e56f8dc6292773603d0d6aabbdd62a11ef721d1542d8
149,AvaSmith,5e884898da28047151d0e56f8dc6292773603d0d6aabbdd62a11ef721d1542d8
150,AvaClark,5e884898da28047151d0e56f8dc6292773603d0d6aabbdd62a11ef721d1542d8
151,EthanThompson,5e884898da28047151d0e56f8dc6292773603d0d6aabbdd62a11ef721d1542d8
152,LucasJohnson,5e884898da28047151d0e56f8dc6292773603d0d6aabbdd62a11ef721d1542d8
153,JacobMartin,5e884898da28047151d0e56f8dc6292773603d0d6aabbdd62a11ef721d1542d8
154,NoahLee,5e884898da28047151d0e56f8dc6292773603d0d6aabbdd62a11ef721d1542d8
155,AvaBrown,5e884898da28047151d0e56f8dc6292773603d0d6aabbdd62a11ef721d1542d8
156,BenjaminMiller,5e884898da28047151d0e56f8dc6292773603d0d6aabbdd62a11ef721d1542d8
157,LoganMartinez,5e884898da28047151d0e56f8dc6292773603d0d6aabbdd62a11ef721d1542d8
158,JohnJohnson,5e884898da28047151d0e56f8dc6292773603d0d6aabbdd62a11ef721d1542d8
159,LoganMartin,5e884898da28047151d0e56f8dc6292773603d0d6aabbdd62a11ef721d1542d8
160,EllaWilson,5e884898da28047151d0e56f8dc6292773603d0d6aabbdd62a11ef721d1542d8
161,HannahAnderson,5e884898da28047151d0e56f8dc6292773603d0d6aabbdd62a11ef721d1542d8
162,NoahAllen,5e884898da28047151d0e56f8dc6292773603d0d6aabbdd62a11ef721d1542d8
163,SophiaJones,5e884898da28047151d0e56f8dc6292773603d0d6aabbdd62a11ef721d1542d8
164,MichaelWilliams,5e884898da28047151d0e56f8dc6292773603d0d6aabbdd62a11ef721d1542d8
165,WilliamWright,5e884898da28047151d0e56f8dc6292773603d0d6aabbdd62a11ef721d1542d8
166,SophiaAllen,5e884898da28047151d0e56f8dc6292773603d0d6aabbdd62a11ef721d1542d8
167,DavidKing,5e884898da28047151d0e56f8dc6292773603d0d6aabbdd62a11ef721d1542d8
168,MatthewRodriguez,5e884898da28047151d0e56f8dc6292773603d0d6aabbdd62a11ef721d1542d8
169,CalebDavis,5e884898da28047151d0e56f8dc6292773603d0d6aabbdd62a11ef721d1542d8
170,SarahThompson,5e884898da28047151d0e56f8dc6292773603d0d6aabbdd62a11ef721d1542d8
171,MiaKing,5e884898da28047151d0e56f8dc6292773603d0d6aabbdd62a11ef721d1542d8
172,ChloeWright,5e884898da28047151d0e56f8dc6292773603d0d6aabbdd62a11ef721d1542d8
173,AvaLee,5e884898da28047151d0e56f8dc6292773603d0d6aabbdd62a11ef721d1542d8
174,BenjaminThomas,5e884898da28047151d0e56f8dc6292773603d0d6aabbdd62a11ef721d1542d8
175,MiaJohnson,5e884898da28047151d0e56f8dc6292773603d0d6aabbdd62a11ef721d1542d8
176,JohnRobinson,5e884898da28047151d0e56f8dc6292773603d0d6aabbdd62a11ef721d1542d8
177,AlexanderRobinson,5e884898da28047151d0e56f8dc6292773603d0d6aabbdd62a11ef721d1542d8
178,MatthewMoore,5e884898da28047151d0e56f8dc6292773603d0d6aabbdd62a11ef721d1542d8
179,OliviaYoung,5e884898da28047151d0e56f8dc6292773603d0d6aabbdd62a11ef721d1542d8
180,MadisonRobinson,5e884898da28047151d0e56f8dc6292773603d0d6aabbdd62a11ef721d1542d8
181,HannahHall,5e884898da28047151d0e56f8dc6292773603d0d6aabbdd62a11ef721d1542d8
182,BenjaminRodriguez,5e884898da28047151d0e56f8dc6292773603d0d6aabbdd62a11ef721d1542d8
183,WilliamWhite,5e884898da28047151d0e56f8dc6292773603d0d6aabbdd62a11ef721d1542d8
184,DanielLewis,5e884898da28047151d0e56f8dc6292773603d0d6aabbdd62a11ef721d1542d8
185,MichaelSmith,5e884898da28047151d0e56f8dc6292773603d0d6aabbdd62a11ef721d1542d8
186,AbigailWhite,5e884898da28047151d0e56f8dc6292773603d0d6aabbdd62a11ef721d1542d8
187,AvaDavis,5e884898da28047151d0e56f8dc6292773603d0d6aabbdd62a11ef721d1542d8
188,MichaelBrown,5e884898da28047151d0e56f8dc6292773603d0d6aabbdd62a11ef721d1542d8
189,ChloeWhite,5e884898da28047151d0e56f8dc6292773603d0d6aabbdd62a11ef721d1542d8
190,EmilyKing,5e884898da28047151d0e56f8dc6292773603d0d6aabbdd62a11ef721d1542d8
191,HannahMiller,5e884898da28047151d0e56f8dc6292773603d0d6aabbdd62a11ef721d1542d8
192,IsabellaRobinson,5e884898da28047151d0e56f8dc6292773603d0d6aabbdd62a11ef721d1542d8
193,NoahRodriguez,5e884898da28047151d0e56f8dc6292773603d0d6aabbdd62a11ef721d1542d8
194,OliviaGarcia,5e884898da28047151d0e56f8dc6292773603d0d6aabbdd62a11ef721d1542d8
195,LilyJohnson,5e884898da28047151d0e56f8dc6292773603d0d6aabbdd62a11ef721d1542d8
196,SophiaRodriguez,5e884898da28047151d0e56f8dc6292773603d0d6aabbdd62a11ef721d1542d8
197,SarahKing,5e884898da28047151d0e56f8dc6292773603d0d6aabbdd62a11ef721d1542d8
198,EllaMartinez,5e884898da28047151d0e56f8dc6292773603d0d6aabbdd62a11ef721d1542d8
199,AlexanderWilliams,5e884898da28047151d0e56f8dc6292773603d0d6aabbdd62a11ef721d1542d8
200,NoahMoore,5e884898da28047151d0e56f8dc6292773603d0d6aabbdd62a11ef721d1542d8
201,MadisonWilliams,5e884898da28047151d0e56f8dc6292773603d0d6aabbdd62a11ef721d1542d8
202,EllaMartin,5e884898da28047151d0e56f8dc6292773603d0d6aabbdd62a11ef721d1542d8
203,LucasGarcia,5e884898da28047151d0e56f8dc6292773603d0d6aabbdd62a11ef721d1542d8
204,SophiaMoore,5e884898da28047151d0e56f8dc6292773603d0d6aabbdd62a11ef721d1542d8
205,OliviaLewis,5e884898da28047151d0e56f8dc6292773603d0d6aabbdd62a11ef721d1542d8
206,DavidYoung,5e884898da28047151d0e56f8dc6292773603d0d6aabbdd62a11ef721d1542d8
207,IsabellaWilliams,5e884898da28047151d0e56f8dc6292773603d0d6aabbdd62a11ef721d1542d8
208,MichaelJones,5e884898da28047151d0e56f8dc6292773603d0d6aabbdd62a11ef721d1542d8
209,LucasAnderson,5e884898da28047151d0e56f8dc6292773603d0d6aabbdd62a11ef721d1542d8
210,JohnAnderson,5e884898da28047151d0e56f8dc6292773603d0d6aabbdd62a11ef721d1542d8
211,MichaelAllen,5e884898da28047151d0e56f8dc6292773603d0d6aabbdd62a11ef721d1542d8
212,EthanYoung,5e884898da28047151d0e56f8dc6292773603d0d6aabbdd62a11ef721d1542d8
213,AlexanderSmith,5e884898da28047151d0e56f8dc6292773603d0d6aabbdd62a11ef721d1542d8
214,AlexanderBrown,5e884898da28047151d0e56f8dc6292773603d0d6aabbdd62a11ef721d1542d8
215,JamesRobinson,5e884898da28047151d0e56f8dc6292773603d0d6aabbdd62a11ef721d1542d8
216,MadisonSmith,5e884898da28047151d0e56f8dc6292773603d0d6aabbdd62a11ef721d1542d8
217,DavidGarcia,5e884898da28047151d0e56f8dc6292773603d0d6aabbdd62a11ef721d1542d8
218,LucasHarris,5e884898da28047151d0e56f8dc6292773603d0d6aabbdd62a11ef721d1542d8
219,MadisonWalker,5e884898da28047151d0e56f8dc6292773603d0d6aabbdd62a11ef721d1542d8
220,LoganRobinson,5e884898da28047151d0e56f8dc6292773603d0d6aabbdd62a11ef721d1542d8
221,MatthewJackson,5e884898da28047151d0e56f8dc6292773603d0d6aabbdd62a11ef721d1542d8
222,MiaGarcia,5e884898da28047151d0e56f8dc6292773603d0d6aabbdd62a11ef721d1542d8
223,JohnHarris,5e884898da28047151d0e56f8dc6292773603d0d6aabbdd62a11ef721d1542d8
224,LucasTaylor,5e884898da28047151d0e56f8dc6292773603d0d6aabbdd62a11ef721d1542d8
225,HannahWilson,5e884898da28047151d0e56f8dc6292773603d0d6aabbdd62a11ef721d1542d8
226,DavidLewis,5e884898da28047151d0e56f8dc6292773603d0d6aabbdd62a11ef721d1542d8
227,MiaAnderson,5e884898da28047151d0e56f8dc6292773603d0d6aabbdd62a11ef721d1542d8
228,LucasHall,5e884898da28047151d0e56f8dc6292773603d0d6aabbdd62a11ef721d1542d8
229,BenjaminJackson,5e884898da28047151d0e56f8dc6292773603d0d6aabbdd62a11ef721d1542d8
230,AlexanderTaylor,5e884898da28047151d0e56f8dc6292773603d0d6aabbdd62a11ef721d1542d8
231,JohnHall,5e884898da28047151d0e56f8dc6292773603d0d6aabbdd62a11ef721d1542d8
232,BenjaminMartinez,5e884898da28047151d0e56f8dc6292773603d0d6aabbdd62a11ef721d1542d8
233,AlexanderLee,5e884898da28047151d0e56f8dc6292773603d0d6aabbdd62a11ef721d1542d8
234,JamesWilliams,5e884898da28047151d0e56f8dc6292773603d0d6aabbdd62a11ef721d1542d8
235,EmmaJohnson,5e884898da28047151d0e56f8dc6292773603d0d6aabbdd62a11ef721d1542d8
236,BenjaminMartin,5e884898da28047151d0e56f8dc6292773603d0d6aabbdd62a11ef721d1542d8
237,JohnJones,5e884898da28047151d0e56f8dc6292773603d0d6aabbdd62a11ef721d1542d8
238,DavidHarris,5e884898da28047151d0e56f8dc6292773603d0d6aabbdd62a11ef721d1542d8
239,EthanLewis,5e884898da28047151d0e56f8dc6292773603d0d6aabbdd62a11ef721d1542d8
240,LucasMiller,5e884898da28047151d0e56f8dc6292773603d0d6aabbdd62a11ef721d1542d8
241,AlexanderJones,5e884898da28047151d0e56f8dc6292773603d0d6aabbdd62a11ef721d1542d8
242,LoganWilliams,5e884898da28047151d0e56f8dc6292773603d0d6aabbdd62a11ef721d1542d8
243,LilyGarcia,5e884898da28047151d0e56f8dc6292773603d0d6aabbdd62a11ef721d1542d8
244,NoahJackson,5e884898da28047151d0e56f8dc6292773603d0d6aabbdd62a11ef721d1542d8
245,MiaHarris,5e884898da28047151d0e56f8dc6292773603d0d6aabbdd62a11ef721d1542d8
246,JohnMiller,5e884898da28047151d0e56f8dc6292773603d0d6aabbdd62a11ef721d1542d8
247,GraceKing,5e884898da28047151d0e56f8dc6292773603d0d6aabbdd62a11ef721d1542d8
248,IsabellaTaylor,5e884898da28047151d0e56f8dc6292773603d0d6aabbdd62a11ef721d1542d8
249,MichaelMoore,5e884898da28047151d0e56f8dc6292773603d0d6aabbdd62a11ef721d1542d8
250,EmilyAnderson,5e884898da28047151d0e56f8dc6292773603d0d6aabbdd62a11ef721d1542d8
251,IsabellaHall,5e884898da28047151d0e56f8dc6292773603d0d6aabbdd62a11ef721d1542d8
252,LilyAnderson,5e884898da28047151d0e56f8dc6292773603d0d6aabbdd62a11ef721d1542d8
253,MiaTaylor,5e884898da28047151d0e56f8dc6292773603d0d6aabbdd62a11ef721d1542d8
254,MadisonDavis,5e884898da28047151d0e56f8dc6292773603d0d6aabbdd62a11ef721d1542d8
255,MiaHall,5e884898da28047151d0e56f8dc6292773603d0d6aabbdd62a11ef721d1542d8
256,IsabellaJones,5e884898da28047151d0e56f8dc6292773603d0d6aabbdd62a11ef721d1542d8
257,JamesSmith,5e884898da28047151d0e56f8dc6292773603d0d6aabbdd62a11ef721d1542d8
258,JacobClark,5e884898da28047151d0e56f8dc6292773603d0d6aabbdd62a11ef721d1542d8
259,SarahLewis,5e884898da28047151d0e56f8dc6292773603d0d6aabbdd62a11ef721d1542d8
260,LucasThomas,5e884898da28047151d0e56f8dc6292773603d0d6aabbdd62a11ef721d1542d8
261,JacobBrown,5e884898da28047151d0e56f8dc6292773603d0d6aabbdd62a11ef721d1542d8
262,JamesWalker,5e884898da28047151d0e56f8dc6292773603d0d6aabbdd62a11ef721d1542d8
263,JacobWalker,5e884898da28047151d0e56f8dc6292773603d0d6aabbdd62a11ef721d1542d8
264,JohnThomas,5e884898da28047151d0e56f8dc6292773603d0d6aabbdd62a11ef721d1542d8
265,OliviaWright,5e884898da28047151d0e56f8dc6292773603d0d6aabbdd62a11ef721d1542d8
266,MiaMiller,5e884898da28047151d0e56f8dc6292773603d0d6aabbdd62a11ef721d1542d8
267,LoganBrown,5e884898da28047151d0e56f8dc6292773603d0d6aabbdd62a11ef721d1542d8
268,LoganWalker,5e884898da28047151d0e56f8dc6292773603d0d6aabbdd62a11ef721d1542d8
269,AvaWhite,5e884898da28047151d0e56f8dc6292773603d0d6aabbdd62a11ef721d1542d8
270,SarahHarris,5e884898da28047151d0e56f8dc6292773603d0d6aabbdd62a11ef721d1542d8
271,ChloeKing,5e884898da28047151d0e56f8dc6292773603d0d6aabbdd62a11ef721d1542d8
272,EmilyTaylor,5e884898da28047151d0e56f8dc6292773603d0d6aabbdd62a11ef721d1542d8
273,JohnRodriguez,5e884898da28047151d0e56f8dc6292773603d0d6aabbdd62a11ef721d1542d8
274,HannahMartinez,5e884898da28047151d0e56f8dc6292773603d0d6aabbdd62a11ef721d1542d8
275,AlexanderRodriguez,5e884898da28047151d0e56f8dc6292773603d0d6aabbdd62a11ef721d1542d8
276,EmilyHall,5e884898da28047151d0e56f8dc6292773603d0d6aabbdd62a11ef721d1542d8
277,LilyHall,5e884898da28047151d0e56f8dc6292773603d0d6aabbdd62a11ef721d1542d8
278,ChloeJohnson,5e884898da28047151d0e56f8dc6292773603d0d6aabbdd62a11ef721d1542d8
279,IsabellaThomas,5e884898da28047151d0e56f8dc6292773603d0d6aabbdd62a11ef721d1542d8
280,JamesLee,5e884898da28047151d0e56f8dc6292773603d0d6aabbdd62a11ef721d1542d8
281,JacobLee,5e884898da28047151d0e56f8dc6292773603d0d6aabbdd62a11ef721d1542d8
282,LoganTaylor,5e884898da28047151d0e56f8dc6292773603d0d6aabbdd62a11ef721d1542d8
283,OliviaWhite,5e884898da28047151d0e56f8dc6292773603d0d6aabbdd62a11ef721d1542d8
284,EmilyMiller,5e884898da28047151d0e56f8dc6292773603d0d6aabbdd62a11ef721d1542d8
285,MiaThomas,5e884898da28047151d0e56f8dc6292773603d0d6aabbdd62a11ef721d1542d8
286,LucasWilson,5e884898da28047151d0e56f8dc6292773603d0d6aabbdd62a11ef721d1542d8
287,LoganHall,5e884898da28047151d0e56f8dc6292773603d0d6aabbdd62a11ef721d1542d8
288,LoganLee,5e884898da28047151d0e56f8dc6292773603d0d6aabbdd62a11ef721d1542d8
289,LilyMiller,5e884898da28047151d0e56f8dc6292773603d0d6aabbdd62a11ef721d1542d8
290,MadisonMoore,5e884898da28047151d0e56f8dc6292773603d0d6aabbdd62a11ef721d1542d8
291,JohnWilson,5e884898da28047151d0e56f8dc6292773603d0d6aabbdd62a11ef721d1542d8
292,IsabellaRodriguez,5e884898da28047151d0e56f8dc6292773603d0d6aabbdd62a11ef721d1542d8
293,EllaWilliams,5e884898da28047151d0e56f8dc6292773603d0d6aabbdd62a11ef721d1542d8
294,JamesAllen,5e884898da28047151d0e56f8dc6292773603d0d6aabbdd62a11ef721d1542d8
295,JacobAllen,5e884898da28047151d0e56f8dc6292773603d0d6aabbdd62a11ef721d1542d8
296,SarahMiller,5e884898da28047151d0e56f8dc6292773603d0d6aabbdd62a11ef721d1542d8
297,DavidWright,5e884898da28047151d0e56f8dc6292773603d0d6aabbdd62a11ef721d1542d8
298,LoganAllen,5e884898da28047151d0e56f8dc6292773603d0d6aabbdd62a11ef721d1542d8
299,GraceGarcia,5e884898da28047151d0e56f8dc6292773603d0d6aabbdd62a11ef721d1542d8
300,EmilyThomas,5e884898da28047151d0e56f8dc6292773603d0d6aabbdd62a11ef721d1542d8
301,LilyThomas,5e884898da28047151d0e56f8dc6292773603d0d6aabbdd62a11ef721d1542d8
302,NoahThompson,5e884898da28047151d0e56f8dc6292773603d0d6aabbdd62a11ef721d1542d8
303,AbigailYoung,5e884898da28047151d0e56f8dc6292773603d0d6aabbdd62a11ef721d1542d8
304,MiaWilson,5e884898da28047151d0e56f8dc6292773603d0d6aabbdd62a11ef721d1542d8
305,GraceAnderson,5e884898da28047151d0e56f8dc6292773603d0d6aabbdd62a11ef721d1542d8
306,SarahThomas,5e884898da28047151d0e56f8dc6292773603d0d6aabbdd62a11ef721d1542d8
307,SophiaThompson,5e884898da28047151d0e56f8dc6292773603d0d6aabbdd62a11ef721d1542d8
308,WilliamGarcia,5e884898da28047151d0e56f8dc6292773603d0d6aabbdd62a11ef721d1542d8
309,EthanWhite,5e884898da28047151d0e56f8dc6292773603d0d6aabbdd62a11ef721d1542d8
310,LoganRodriguez,5e884898da28047151d0e56f8dc6292773603d0d6aabbdd62a11ef721d1542d8
311,AbigailGarcia,5e884898da28047151d0e56f8dc6292773603d0d6aabbdd62a11ef721d1542d8
312,EmmaHall,5e884898da28047151d0e56f8dc6292773603d0d6aabbdd62a11ef721d1542d8
313,JamesMoore,5e884898da28047151d0e56f8dc6292773603d0d6aabbdd62a11ef721d1542d8
314,EmilyWilson,5e884898da28047151d0e56f8dc6292773603d0d6aabbdd62a11ef721d1542d8
315,LucasMartinez,5e884898da28047151d0e56f8dc6292773603d0d6aabbdd62a11ef721d1542d8
316,JohnJackson,5e884898da28047151d0e56f8dc6292773603d0d6aabbdd62a11ef721d1542d8
317,EmmaJones,5e884898da28047151d0e56f8dc6292773603d0d6aabbdd62a11ef721d1542d8
318,ChloeGarcia,5e884898da28047151d0e56f8dc6292773603d0d6aabbdd62a11ef721d1542d8
319,EllaTaylor,5e884898da28047151d0e56f8dc6292773603d0d6aabbdd62a11ef721d1542d8
320,WilliamAnderson,5e884898da28047151d0e56f8dc6292773603d0d6aabbdd62a11ef721d1542d8
321,JohnMartinez,5e884898da28047151d0e56f8dc6292773603d0d6aabbdd62a11ef721d1542d8
322,LucasMartin,5e884898da28047151d0e56f8dc6292773603d0d6aabbdd62a11ef721d1542d8
323,LoganMoore,5e884898da28047151d0e56f8dc6292773603d0d6aabbdd62a11ef721d1542d8
324,EllaHall,5e884898da28047151d0e56f8dc6292773603d0d6aabbdd62a11ef721d1542d8
325,EmmaMiller,5e884898da28047151d0e56f8dc6292773603d0d6aabbdd62a11ef721d1542d8
326,GraceHall,5e884898da28047151d0e56f8dc6292773603d0d6aabbdd62a11ef721d1542d8
327,AbigailLewis,5e884898da28047151d0e56f8dc6292773603d0d6aabbdd62a11ef721d1542d8
328,CalebKing,5e884898da28047151d0e56f8dc6292773603d0d6aabbdd62a11ef721d1542d8
329,GraceJones,5e884898da28047151d0e56f8dc6292773603d0d6aabbdd62a11ef721d1542d8
330,MatthewClark,5e884898da28047151d0e56f8dc6292773603d0d6aabbdd62a11ef721d1542d8
331,CalebJohnson,5e884898da28047151d0e56f8dc6292773603d0d6aabbdd62a11ef721d1542d8
332,WilliamHarris,5e884898da28047151d0e56f8dc6292773603d0d6aabbdd62a11ef721d1542d8
333,AbigailHarris,5e884898da28047151d0e56f8dc6292773603d0d6aabbdd62a11ef721d1542d8
334,IsabellaJackson,5e884898da28047151d0e56f8dc6292773603d0d6aabbdd62a11ef721d1542d8
335,DavidBrown,5e884898da28047151d0e56f8dc6292773603d0d6aabbdd62a11ef721d1542d8
336,HannahRobinson,5e884898da28047151d0e56f8dc6292773603d0d6aabbdd62a11ef721d1542d8
337,ChloeHarris,5e884898da28047151d0e56f8dc6292773603d0d6aabbdd62a11ef721d1542d8
338,DanielJohnson,5e884898da28047151d0e56f8dc6292773603d0d6aabbdd62a11ef721d1542d8
339,WilliamTaylor,5e884898da28047151d0e56f8dc6292773603d0d6aabbdd62a11ef721d1542d8
340,MiaMartinez,5e884898da28047151d0e56f8dc6292773603d0d6aabbdd62a11ef721d1542d8
341,BenjaminClark,5e884898da28047151d0e56f8dc6292773603d0d6aabbdd62a11ef721d1542d8
342,EmmaThomas,5e884898da28047151d0e56f8dc6292773603d0d6aabbdd62a11ef721d1542d8
343,AvaKing,5e884898da28047151d0e56f8dc6292773603d0d6aabbdd62a11ef721d1542d8
344,WilliamHall,5e884898da28047151d0e56f8dc6292773603d0d6aabbdd62a11ef721d1542d8
345,BenjaminBrown,5e884898da28047151d0e56f8dc6292773603d0d6aabbdd62a11ef721d1542d8
346,MiaMartin,5e884898da28047151d0e56f8dc6292773603d0d6aabbdd62a11ef721d1542d8
347,AvaJohnson,5e884898da28047151d0e56f8dc6292773603d0d6aabbdd62a11ef721d1542d8
348,EmmaRodriguez,5e884898da28047151d0e56f8dc6292773603d0d6aabbdd62a11ef721d1542d8
349,MichaelThompson,5e884898da28047151d0e56f8dc6292773603d0d6aabbdd62a11ef721d1542d8
350,WilliamMiller,5e884898da28047151d0e56f8dc6292773603d0d6aabbdd62a11ef721d1542d8
351,EmmaMoore,5e884898da28047151d0e56f8dc6292773603d0d6aabbdd62a11ef721d1542d8
352,EllaRodriguez,5e884898da28047151d0e56f8dc6292773603d0d6aabbdd62a11ef721d1542d8
353,EmilyMartinez,5e884898da28047151d0e56f8dc6292773603d0d6aabbdd62a11ef721d1542d8
354,LilyMartinez,5e884898da28047151d0e56f8dc6292773603d0d6aabbdd62a11ef721d1542d8
355,GraceRodriguez,5e884898da28047151d0e56f8dc6292773603d0d6aabbdd62a11ef721d1542d8
356,DanielRobinson,5e884898da28047151d0e56f8dc6292773603d0d6aabbdd62a11ef721d1542d8
357,OliviaJohnson,5e884898da28047151d0e56f8dc6292773603d0d6aabbdd62a11ef721d1542d8
358,LilyMartin,5e884898da28047151d0e56f8dc6292773603d0d6aabbdd62a11ef721d1542d8
359,MatthewDavis,5e884898da28047151d0e56f8dc6292773603d0d6aabbdd62a11ef721d1542d8
360,SarahMartinez,5e884898da28047151d0e56f8dc6292773603d0d6aabbdd62a11ef721d1542d8
361,EllaMoore,5e884898da28047151d0e56f8dc6292773603d0d6aabbdd62a11ef721d1542d8
362,LoganJackson,5e884898da28047151d0e56f8dc6292773603d0d6aabbdd62a11ef721d1542d8
363,SophiaYoung,5e884898da28047151d0e56f8dc6292773603d0d6aabbdd62a11ef721d1542d8
364,BenjaminAllen,5e884898da28047151d0e56f8dc6292773603d0d6aabbdd62a11ef721d1542d8
365,WilliamThomas,5e884898da28047151d0e56f8dc6292773603d0d6aabbdd62a11ef721d1542d8
366,BenjaminDavis,5e884898da28047151d0e56f8dc6292773603d0d6aabbdd62a11ef721d1542d8
367,HannahSmith,5e884898da28047151d0e56f8dc6292773603d0d6aabbdd62a11ef721d1542d8
368,OliviaRobinson,5e884898da28047151d0e56f8dc6292773603d0d6aabbdd62a11ef721d1542d8
369,NoahDavis,5e884898da28047151d0e56f8dc6292773603d0d6aabbdd62a11ef721d1542d8
370,MadisonThompson,5e884898da28047151d0e56f8dc6292773603d0d6aabbdd62a11ef721d1542d8
371,SophiaDavis,5e884898da28047151d0e56f8dc6292773603d0d6aabbdd62a11ef721d1542d8
372,DavidJohnson,5e884898da28047151d0e56f8dc6292773603d0d6aabbdd62a11ef721d1542d8
373,NoahLewis,5e884898da28047151d0e56f8dc6292773603d0d6aabbdd62a11ef721d1542d8
374,CalebAnderson,5e884898da28047151d0e56f8dc6292773603d0d6aabbdd62a11ef721d1542d8
375,SophiaLewis,5e884898da28047151d0e56f8dc6292773603d0d6aabbdd62a11ef721d1542d8
376,WilliamWilson,5e884898da28047151d0e56f8dc6292773603d0d6aabbdd62a11ef721d1542d8
377,AvaGarcia,5e884898da28047151d0e56f8dc6292773603d0d6aabbdd62a11ef721d1542d8
378,HannahLee,5e884898da28047151d0e56f8dc6292773603d0d6aabbdd62a11ef721d1542d8
379,EthanJohnson,5e884898da28047151d0e56f8dc6292773603d0d6aabbdd62a11ef721d1542d8
380,CalebHarris,5e884898da28047151d0e56f8dc6292773603d0d6aabbdd62a11ef721d1542d8
381,MichaelClark,5e884898da28047151d0e56f8dc6292773603d0d6aabbdd62a11ef721d1542d8
382,HannahJones,5e884898da28047151d0e56f8dc6292773603d0d6aabbdd62a11ef721d1542d8
383,EmmaJackson,5e884898da28047151d0e56f8dc6292773603d0d6aabbdd62a11ef721d1542d8
384,AvaAnderson,5e884898da28047151d0e56f8dc6292773603d0d6aabbdd62a11ef721d1542d8
385,EmmaMartinez,5e884898da28047151d0e56f8dc6292773603d0d6aabbdd62a11ef721d1542d8
386,HannahAllen,5e884898da28047151d0e56f8dc6292773603d0d6aabbdd62a11ef721d1542d8
387,AvaLewis,5e884898da28047151d0e56f8dc6292773603d0d6aabbdd62a11ef721d1542d8
388,DavidRobinson,5e884898da28047151d0e56f8dc6292773603d0d6aabbdd62a11ef721d1542d8
389,EmmaMartin,5e884898da28047151d0e56f8dc6292773603d0d6aabbdd62a11ef721d1542d8
390,LucasWilliams,5e884898da28047151d0e56f8dc6292773603d0d6aabbdd62a11ef721d1542d8
391,MiaRobinson,5e884898da28047151d0e56f8dc6292773603d0d6aabbdd62a11ef721d1542d8
392,EllaJackson,5e884898da28047151d0e56f8dc6292773603d0d6aabbdd62a11ef721d1542d8
393,GraceJackson,5e884898da28047151d0e56f8dc6292773603d0d6aabbdd62a11ef721d1542d8
394,MichaelYoung,5e884898da28047151d0e56f8dc6292773603d0d6aabbdd62a11ef721d1542d8
395,AvaHarris,5e884898da28047151d0e56f8dc6292773603d0d6aabbdd62a11ef721d1542d8
396,DanielTaylor,5e884898da28047151d0e56f8dc6292773603d0d6aabbdd62a11ef721d1542d8
397,OliviaAnderson,5e884898da28047151d0e56f8dc6292773603d0d6aabbdd62a11ef721d1542d8
398,GraceMartin,5e884898da28047151d0e56f8dc6292773603d0d6aabbdd62a11ef721d1542d8
399,DanielHall,5e884898da28047151d0e56f8dc6292773603d0d6aabbdd62a11ef721d1542d8
400,CalebMiller,5e884898da28047151d0e56f8dc6292773603d0d6aabbdd62a11ef721d1542d8
401,JamesThompson,5e884898da28047151d0e56f8dc6292773603d0d6aabbdd62a11ef721d1542d8
402,JacobThompson,5e884898da28047151d0e56f8dc6292773603d0d6aabbdd62a11ef721d1542d8
403,DanielJones,5e884898da28047151d0e56f8dc6292773603d0d6aabbdd62a11ef721d1542d8
404,MatthewWright,5e884898da28047151d0e56f8dc6292773603d0d6aabbdd62a11ef721d1542d8
405,DanielMiller,5e884898da28047151d0e56f8dc6292773603d0d6aabbdd62a11ef721d1542d8
406,LucasBrown,5e884898da28047151d0e56f8dc6292773603d0d6aabbdd62a11ef721d1542d8
407,JohnSmith,5e884898da28047151d0e56f8dc6292773603d0d6aabbdd62a11ef721d1542d8
408,MiaWilliams,5e884898da28047151d0e56f8dc6292773603d0d6aabbdd62a11ef721d1542d8
409,HannahRodriguez,5e884898da28047151d0e56f8dc6292773603d0d6aabbdd62a11ef721d1542d8
410,JohnBrown,5e884898da28047151d0e56f8dc6292773603d0d6aabbdd62a11ef721d1542d8
411,MichaelDavis,5e884898da28047151d0e56f8dc6292773603d0d6aabbdd62a11ef721d1542d8
412,WilliamMartinez,5e884898da28047151d0e56f8dc6292773603d0d6aabbdd62a11ef721d1542d8
413,JohnWalker,5e884898da28047151d0e56f8dc6292773603d0d6aabbdd62a11ef721d1542d8
414,AvaMiller,5e884898da28047151d0e56f8dc6292773603d0d6aabbdd62a11ef721d1542d8
415,MadisonClark,5e884898da28047151d0e56f8dc6292773603d0d6aabbdd62a11ef721d1542d8
416,WilliamMartin,5e884898da28047151d0e56f8dc6292773603d0d6aabbdd62a11ef721d1542d8
417,OliviaTaylor,5e884898da28047151d0e56f8dc6292773603d0d6aabbdd62a11ef721d1542d8
418,MichaelLewis,5e884898da28047151d0e56f8dc6292773603d0d6aabbdd62a11ef721d1542d8
419,ChloeMartinez,5e884898da28047151d0e56f8dc6292773603d0d6aabbdd62a11ef721d1542d8
420,HannahMoore,5e884898da28047151d0e56f8dc6292773603d0d6aabbdd62a11ef721d1542d8
421,MatthewWhite,5e884898da28047151d0e56f8dc6292773603d0d6aabbdd62a11ef721d1542d8
422,OliviaJones,5e884898da28047151d0e56f8dc6292773603d0d6aabbdd62a11ef721d1542d8
423,IsabellaSmith,5e884898da28047151d0e56f8dc6292773603d0d6aabbdd62a11ef721d1542d8
424,DanielThomas,5e884898da28047151d0e56f8dc6292773603d0d6aabbdd62a11ef721d1542d8
425,MadisonYoung,5e884898da28047151d0e56f8dc6292773603d0d6aabbdd62a11ef721d1542d8
426,LucasLee,5e884898da28047151d0e56f8dc6292773603d0d6aabbdd62a11ef721d1542d8
427,JacobKing,5e884898da28047151d0e56f8dc6292773603d0d6aabbdd62a11ef721d1542d8
428,EmilyWilliams,5e884898da28047151d0e56f8dc6292773603d0d6aabbdd62a11ef721d1542d8
429,LilyWilliams,5e884898da28047151d0e56f8dc6292773603d0d6aabbdd62a11ef721d1542d8
430,IsabellaWalker,5e884898da28047151d0e56f8dc6292773603d0d6aabbdd62a11ef721d1542d8
431,SophiaWright,5e884898da28047151d0e56f8dc6292773603d0d6aabbdd62a11ef721d1542d8
432,JohnLee,5e884898da28047151d0e56f8dc6292773603d0d6aabbdd62a11ef721d1542d8
433,MiaBrown,5e884898da28047151d0e56f8dc6292773603d0d6aabbdd62a11ef721d1542d8
434,MiaWalker,5e884898da28047151d0e56f8dc6292773603d0d6aabbdd62a11ef721d1542d8
435,AvaThomas,5e884898da28047151d0e56f8dc6292773603d0d6aabbdd62a11ef721d1542d8
436,LucasJones,5e884898da28047151d0e56f8dc6292773603d0d6aabbdd62a11ef721d1542d8
437,DanielRodriguez,5e884898da28047151d0e56f8dc6292773603d0d6aabbdd62a11ef721d1542d8
438,EthanAnderson,5e884898da28047151d0e56f8dc6292773603d0d6aabbdd62a11ef721d1542d8
439,SarahWilliams,5e884898da28047151d0e56f8dc6292773603d0d6aabbdd62a11ef721d1542d8
440,LucasAllen,5e884898da28047151d0e56f8dc6292773603d0d6aabbdd62a11ef721d1542d8
441,JohnAllen,5e884898da28047151d0e56f8dc6292773603d0d6aabbdd62a11ef721d1542d8
442,CalebWilson,5e884898da28047151d0e56f8dc6292773603d0d6aabbdd62a11ef721d1542d8
443,DanielMoore,5e884898da28047151d0e56f8dc6292773603d0d6aabbdd62a11ef721d1542d8
444,NoahWhite,5e884898da28047151d0e56f8dc6292773603d0d6aabbdd62a11ef721d1542d8
445,DavidTaylor,5e884898da28047151d0e56f8dc6292773603d0d6aabbdd62a11ef721d1542d8
446,AvaWright,5e884898da28047151d0e56f8dc6292773603d0d6aabbdd62a11ef721d1542d8
447,AlexanderDavis,5e884898da28047151d0e56f8dc6292773603d0d6aabbdd62a11ef721d1542d8
448,IsabellaLee,5e884898da28047151d0e56f8dc6292773603d0d6aabbdd62a11ef721d1542d8
449,DavidHall,5e884898da28047151d0e56f8dc6292773603d0d6aabbdd62a11ef721d1542d8
450,EmilySmith,5e884898da28047151d0e56f8dc6292773603d0d6aabbdd62a11ef721d1542d8
451,SophiaWhite,5e884898da28047151d0e56f8dc6292773603d0d6aabbdd62a11ef721d1542d8
452,LilySmith,5e884898da28047151d0e56f8dc6292773603d0d6aabbdd62a11ef721d1542d8
453,DanielWilson,5e884898da28047151d0e56f8dc6292773603d0d6aabbdd62a11ef721d1542d8
454,AlexanderLewis,5e884898da28047151d0e56f8dc6292773603d0d6aabbdd62a11ef721d1542d8
455,LilyBrown,5e884898da28047151d0e56f8dc6292773603d0d6aabbdd62a11ef721d1542d8
456,EmilyWalker,5e884898da28047151d0e56f8dc6292773603d0d6aabbdd62a11ef721d1542d8
457,LilyWalker,5e884898da28047151d0e56f8dc6292773603d0d6aabbdd62a11ef721d1542d8
458,DavidJones,5e884898da28047151d0e56f8dc6292773603d0d6aabbdd62a11ef721d1542d8
459,MadisonLewis,5e884898da28047151d0e56f8dc6292773603d0d6aabbdd62a11ef721d1542d8
460,JamesClark,5e884898da28047151d0e56f8dc6292773603d0d6aabbdd62a11ef721d1542d8
461,OliviaRodriguez,5e884898da28047151d0e56f8dc6292773603d0d6aabbdd62a11ef721d1542d8
462,MiaJones,5e884898da28047151d0e56f8dc6292773603d0d6aabbdd62a11ef721d1542d8
463,EthanHall,5e884898da28047151d0e56f8dc6292773603d0d6aabbdd62a11ef721d1542d8
464,IsabellaDavis,5e884898da28047151d0e56f8dc6292773603d0d6aabbdd62a11ef721d1542d8
465,LoganClark,5e884898da28047151d0e56f8dc6292773603d0d6aabbdd62a11ef721d1542d8
466,OliviaMoore,5e884898da28047151d0e56f8dc6292773603d0d6aabbdd62a11ef721d1542d8
467,LucasRodriguez,5e884898da28047151d0e56f8dc6292773603d0d6aabbdd62a11ef721d1542d8
468,HannahJackson,5e884898da28047151d0e56f8dc6292773603d0d6aabbdd62a11ef721d1542d8
469,JamesYoung,5e884898da28047151d0e56f8dc6292773603d0d6aabbdd62a11ef721d1542d8
470,LilyTaylor,5e884898da28047151d0e56f8dc6292773603d0d6aabbdd62a11ef721d1542d8
471,JacobYoung,5e884898da28047151d0e56f8dc6292773603d0d6aabbdd62a11ef721d1542d8
472,EmilyLee,5e884898da28047151d0e56f8dc6292773603d0d6aabbdd62a11ef721d1542d8
473,OliviaWilson,5e884898da28047151d0e56f8dc6292773603d0d6aabbdd62a11ef721d1542d8
474,SarahTaylor,5e884898da28047151d0e56f8dc6292773603d0d6aabbdd62a11ef721d1542d8
475,EmilyJones,5e884898da28047151d0e56f8dc6292773603d0d6aabbdd62a11ef721d1542d8
476,EmmaWilliams,5e884898da28047151d0e56f8dc6292773603d0d6aabbdd62a11ef721d1542d8
477,JohnMoore,5e884898da28047151d0e56f8dc6292773603d0d6aabbdd62a11ef721d1542d8
478,MichaelWright,5e884898da28047151d0e56f8dc6292773603d0d6aabbdd62a11ef721d1542d8
479,LilyAllen,5e884898da28047151d0e56f8dc6292773603d0d6aabbdd62a11ef721d1542d8
480,SarahJones,5e884898da28047151d0e56f8dc6292773603d0d6aabbdd62a11ef721d1542d8
481,JacobGarcia,5e884898da28047151d0e56f8dc6292773603d0d6aabbdd62a11ef721d1542d8
482,DavidRodriguez,5e884898da28047151d0e56f8dc6292773603d0d6aabbdd62a11ef721d1542d8
483,WilliamRobinson,5e884898da28047151d0e56f8dc6292773603d0d6aabbdd62a11ef721d1542d8
484,SarahAllen,5e884898da28047151d0e56f8dc6292773603d0d6aabbdd62a11ef721d1542d8
485,EthanThomas,5e884898da28047151d0e56f8dc6292773603d0d6aabbdd62a11ef721d1542d8
486,CalebMartin,5e884898da28047151d0e56f8dc6292773603d0d6aabbdd62a11ef721d1542d8
487,MiaRodriguez,5e884898da28047151d0e56f8dc6292773603d0d6aabbdd62a11ef721d1542d8
488,JamesDavis,5e884898da28047151d0e56f8dc6292773603d0d6aabbdd62a11ef721d1542d8
489,DanielJackson,5e884898da28047151d0e56f8dc6292773603d0d6aabbdd62a11ef721d1542d8
490,ChloeRobinson,5e884898da28047151d0e56f8dc6292773603d0d6aabbdd62a11ef721d1542d8
491,DanielMartinez,5e884898da28047151d0e56f8dc6292773603d0d6aabbdd62a11ef721d1542d8
492,BenjaminThompson,5e884898da28047151d0e56f8dc6292773603d0d6aabbdd62a11ef721d1542d8
493,DavidMoore,5e884898da28047151d0e56f8dc6292773603d0d6aabbdd62a11ef721d1542d8
494,LoganDavis,5e884898da28047151d0e56f8dc6292773603d0d6aabbdd62a11ef721d1542d8
495,EthanRodriguez,5e884898da28047151d0e56f8dc6292773603d0d6aabbdd62a11ef721d1542d8
496,JamesLewis,5e884898da28047151d0e56f8dc6292773603d0d6aabbdd62a11ef721d1542d8
497,DanielMartin,5e884898da28047151d0e56f8dc6292773603d0d6aabbdd62a11ef721d1542d8
498,EmmaSmith,5e884898da28047151d0e56f8dc6292773603d0d6aabbdd62a11ef721d1542d8
499,EmmaClark,5e884898da28047151d0e56f8dc6292773603d0d6aabbdd62a11ef721d1542d8
500,MichaelWhite,5e884898da28047151d0e56f8dc6292773603d0d6aabbdd62a11ef721d1542d8
501,MiaMoore,5e884898da28047151d0e56f8dc6292773603d0d6aabbdd62a11ef721d1542d8
502,EmmaBrown,5e884898da28047151d0e56f8dc6292773603d0d6aabbdd62a11ef721d1542d8
503,AvaMartinez,5e884898da28047151d0e56f8dc6292773603d0d6aabbdd62a11ef721d1542d8
504,DavidWilson,5e884898da28047151d0e56f8dc6292773603d0d6aabbdd62a11ef721d1542d8
505,JacobHarris,5e884898da28047151d0e56f8dc6292773603d0d6aabbdd62a11ef721d1542d8
506,EllaClark,5e884898da28047151d0e56f8dc6292773603d0d6aabbdd62a11ef721d1542d8
507,EllaSmith,5e884898da28047151d0e56f8dc6292773603d0d6aabbdd62a11ef721d1542d8
508,EmilyRodriguez,5e884898da28047151d0e56f8dc6292773603d0d6aabbdd62a11ef721d1542d8
509,GraceClark,5e884898da28047151d0e56f8dc6292773603d0d6aabbdd62a11ef721d1542d8
510,LilyRodriguez,5e884898da28047151d0e56f8dc6292773603d0d6aabbdd62a11ef721d1542d8
511,EllaWalker,5e884898da28047151d0e56f8dc6292773603d0d6aabbdd62a11ef721d1542d8
512,GraceBrown,5e884898da28047151d0e56f8dc6292773603d0d6aabbdd62a11ef721d1542d8
513,EthanWilson,5e884898da28047151d0e56f8dc6292773603d0d6aabbdd62a11ef721d1542d8
514,GraceWalker,5e884898da28047151d0e56f8dc6292773603d0d6aabbdd62a11ef721d1542d8
515,MatthewJohnson,5e884898da28047151d0e56f8dc6292773603d0d6aabbdd62a11ef721d1542d8
516,AlexanderWright,5e884898da28047151d0e56f8dc6292773603d0d6aabbdd62a11ef721d1542d8
517,MadisonWright,5e884898da28047151d0e56f8dc6292773603d0d6aabbdd62a11ef721d1542d8
518,LilyMoore,5e884898da28047151d0e56f8dc6292773603d0d6aabbdd62a11ef721d1542d8
519,EmmaLee,5e884898da28047151d0e56f8dc6292773603d0d6aabbdd62a11ef721d1542d8
520,BenjaminKing,5e884898da28047151d0e56f8dc6292773603d0d6aabbdd62a11ef721d1542d8
521,LucasJackson,5e884898da28047151d0e56f8dc6292773603d0d6aabbdd62a11ef721d1542d8
522,SarahMoore,5e884898da28047151d0e56f8dc6292773603d0d6aabbdd62a11ef721d1542d8
523,AbigailAnderson,5e884898da28047151d0e56f8dc6292773603d0d6aabbdd62a11ef721d1542d8
524,WilliamSmith,5e884898da28047151d0e56f8dc6292773603d0d6aabbdd62a11ef721d1542d8
525,NoahKing,5e884898da28047151d0e56f8dc6292773603d0d6aabbdd62a11ef721d1542d8
526,GraceLee,5e884898da28047151d0e56f8dc6292773603d0d6aabbdd62a11ef721d1542d8
527,WilliamBrown,5e884898da28047151d0e56f8dc6292773603d0d6aabbdd62a11ef721d1542d8
528,WilliamWalker,5e884898da28047151d0e56f8dc6292773603d0d6aabbdd62a11ef721d1542d8
529,EmmaDavis,5e884898da28047151d0e56f8dc6292773603d0d6aabbdd62a11ef721d1542d8
530,AlexanderWhite,5e884898da28047151d0e56f8dc6292773603d0d6aabbdd62a11ef721d1542d8
531,NoahJohnson,5e884898da28047151d0e56f8dc6292773603d0d6aabbdd62a11ef721d1542d8
532,SophiaKing,5e884898da28047151d0e56f8dc6292773603d0d6aabbdd62a11ef721d1542d8
533,MadisonWhite,5e884898da28047151d0e56f8dc6292773603d0d6aabbdd62a11ef721d1542d8
534,ChloeBrown,5e884898da28047151d0e56f8dc6292773603d0d6aabbdd62a11ef721d1542d8
535,SophiaJohnson,5e884898da28047151d0e56f8dc6292773603d0d6aabbdd62a11ef721d1542d8
536,GraceAllen,5e884898da28047151d0e56f8dc6292773603d0d6aabbdd62a11ef721d1542d8
537,DavidJackson,5e884898da28047151d0e56f8dc6292773603d0d6aabbdd62a11ef721d1542d8
538,GraceDavis,5e884898da28047151d0e56f8dc6292773603d0d6aabbdd62a11ef721d1542d8
539,DavidMartinez,5e884898da28047151d0e56f8dc6292773603d0d6aabbdd62a11ef721d1542d8
540,IsabellaWhite,5e884898da28047151d0e56f8dc6292773603d0d6aabbdd62a11ef721d1542d8
541,DavidMartin,5e884898da28047151d0e56f8dc6292773603d0d6aabbdd62a11ef721d1542d8
542,AbigailTaylor,5e884898da28047151d0e56f8dc6292773603d0d6aabbdd62a11ef721d1542d8
543,WilliamLee,5e884898da28047151d0e56f8dc6292773603d0d6aabbdd62a11ef721d1542d8
544,EthanJackson,5e884898da28047151d0e56f8dc6292773603d0d6aabbdd62a11ef721d1542d8
545,AbigailHall,5e884898da28047151d0e56f8dc6292773603d0d6aabbdd62a11ef721d1542d8
546,WilliamJones,5e884898da28047151d0e56f8dc6292773603d0d6aabbdd62a11ef721d1542d8
547,ChloeLee,5e884898da28047151d0e56f8dc6292773603d0d6aabbdd62a11ef721d1542d8
548,AbigailJones,5e884898da28047151d0e56f8dc6292773603d0d6aabbdd62a11ef721d1542d8
549,EthanMartin,5e884898da28047151d0e56f8dc6292773603d0d6aabbdd62a11ef721d1542d8
550,JamesWright,5e884898da28047151d0e56f8dc6292773603d0d6aabbdd62a11ef721d1542d8
551,JacobWright,5e884898da28047151d0e56f8dc6292773603d0d6aabbdd62a11ef721d1542d8
552,CalebRobinson,5e884898da28047151d0e56f8dc6292773603d0d6aabbdd62a11ef721d1542d8
553,WilliamAllen,5e884898da28047151d0e56f8dc6292773603d0d6aabbdd62a11ef721d1542d8
554,BenjaminYoung,5e884898da28047151d0e56f8dc6292773603d0d6aabbdd62a11ef721d1542d8
555,EmilyJackson,5e884898da28047151d0e56f8dc6292773603d0d6aabbdd62a11ef721d1542d8
556,ChloeAllen,5e884898da28047151d0e56f8dc6292773603d0d6aabbdd62a11ef721d1542d8
557,MatthewGarcia,5e884898da28047151d0e56f8dc6292773603d0d6aabbdd62a11ef721d1542d8
558,NoahYoung,5e884898da28047151d0e56f8dc6292773603d0d6aabbdd62a11ef721d1542d8
559,SarahJackson,5e884898da28047151d0e56f8dc6292773603d0d6aabbdd62a11ef721d1542d8
560,MatthewAnderson,5e884898da28047151d0e56f8dc6292773603d0d6aabbdd62a11ef721d1542d8
561,AvaRobinson,5e884898da28047151d0e56f8dc6292773603d0d6aabbdd62a11ef721d1542d8
562,JamesWhite,5e884898da28047151d0e56f8dc6292773603d0d6aabbdd62a11ef721d1542d8
563,GraceMoore,5e884898da28047151d0e56f8dc6292773603d0d6aabbdd62a11ef721d1542d8
564,AbigailThomas,5e884898da28047151d0e56f8dc6292773603d0d6aabbdd62a11ef721d1542d8
565,NoahGarcia,5e884898da28047151d0e56f8dc6292773603d0d6aabbdd62a11ef721d1542d8
566,MatthewHarris,5e884898da28047151d0e56f8dc6292773603d0d6aabbdd62a11ef721d1542d8
567,BenjaminLewis,5e884898da28047151d0e56f8dc6292773603d0d6aabbdd62a11ef721d1542d8
568,JohnThompson,5e884898da28047151d0e56f8dc6292773603d0d6aabbdd62a11ef721d1542d8
569,AbigailRodriguez,5e884898da28047151d0e56f8dc6292773603d0d6aabbdd62a11ef721d1542d8
570,SophiaGarcia,5e884898da28047151d0e56f8dc6292773603d0d6aabbdd62a11ef721d1542d8
571,ChloeRodriguez,5e884898da28047151d0e56f8dc6292773603d0d6aabbdd62a11ef721d1542d8
572,NoahAnderson,5e884898da28047151d0e56f8dc6292773603d0d6aabbdd62a11ef721d1542d8
573,SophiaAnderson,5e884898da28047151d0e56f8dc6292773603d0d6aabbdd62a11ef721d1542d8
574,CalebBrown,5e884898da28047151d0e56f8dc6292773603d0d6aabbdd62a11ef721d1542d8
575,AbigailWilson,5e884898da28047151d0e56f8dc6292773603d0d6aabbdd62a11ef721d1542d8
576,NoahHarris,5e884898da28047151d0e56f8dc6292773603d0d6aabbdd62a11ef721d1542d8
577,DanielSmith,5e884898da28047151d0e56f8dc6292773603d0d6aabbdd62a11ef721d1542d8
578,MiaThompson,5e884898da28047151d0e56f8dc6292773603d0d6aabbdd62a11ef721d1542d8
579,OliviaWilliams,5e884898da28047151d0e56f8dc6292773603d0d6aabbdd62a11ef721d1542d8
580,SophiaHarris,5e884898da28047151d0e56f8dc6292773603d0d6aabbdd62a11ef721d1542d8
581,AlexanderKing,5e884898da28047151d0e56f8dc6292773603d0d6aabbdd62a11ef721d1542d8
582,EmmaWhite,5e884898da28047151d0e56f8dc6292773603d0d6aabbdd62a11ef721d1542d8
583,HannahDavis,5e884898da28047151d0e56f8dc6292773603d0d6aabbdd62a11ef721d1542d8
584,MadisonKing,5e884898da28047151d0e56f8dc6292773603d0d6aabbdd62a11ef721d1542d8
585,CalebLee,5e884898da28047151d0e56f8dc6292773603d0d6aabbdd62a11ef721d1542d8
586,AlexanderJohnson,5e884898da28047151d0e56f8dc6292773603d0d6aabbdd62a11ef721d1542d8
587,SophiaHall,5e884898da28047151d0e56f8dc6292773603d0d6aabbdd62a11ef721d1542d8
588,CalebJones,5e884898da28047151d0e56f8dc6292773603d0d6aabbdd62a11ef721d1542d8
589,NoahMiller,5e884898da28047151d0e56f8dc6292773603d0d6aabbdd62a11ef721d1542d8
590,EthanRobinson,5e884898da28047151d0e56f8dc6292773603d0d6aabbdd62a11ef721d1542d8
591,EmilyThompson,5e884898da28047151d0e56f8dc6292773603d0d6aabbdd62a11ef721d1542d8
592,EllaWhite,5e884898da28047151d0e56f8dc6292773603d0d6aabbdd62a11ef721d1542d8
593,LilyThompson,5e884898da28047151d0e56f8dc6292773603d0d6aabbdd62a11ef721d1542d8
594,OliviaClark,5e884898da28047151d0e56f8dc6292773603d0d6aabbdd62a11ef721d1542d8
595,OliviaBrown,5e884898da28047151d0e56f8dc6292773603d0d6aabbdd62a11ef721d1542d8
596,IsabellaJohnson,5e884898da28047151d0e56f8dc6292773603d0d6aabbdd62a11ef721d1542d8
597,DavidWilliams,5e884898da28047151d0e56f8dc6292773603d0d6aabbdd62a11ef721d1542d8
598,MichaelGarcia,5e884898da28047151d0e56f8dc6292773603d0d6aabbdd62a11ef721d1542d8
599,LucasClark,5e884898da28047151d0e56f8dc6292773603d0d6aabbdd62a11ef721d1542d8
600,AvaJones,5e884898da28047151d0e56f8dc6292773603d0d6aabbdd62a11ef721d1542d8
601,AvaAllen,5e884898da28047151d0e56f8dc6292773603d0d6aabbdd62a11ef721d1542d8
602,AbigailMartinez,5e884898da28047151d0e56f8dc6292773603d0d6aabbdd62a11ef721d1542d8
603,MichaelAnderson,5e884898da28047151d0e56f8dc6292773603d0d6aabbdd62a11ef721d1542d8
604,EthanWilliams,5e884898da28047151d0e56f8dc6292773603d0d6aabbdd62a11ef721d1542d8
605,BenjaminWright,5e884898da28047151d0e56f8dc6292773603d0d6aabbdd62a11ef721d1542d8
606,ChloeJackson,5e884898da28047151d0e56f8dc6292773603d0d6aabbdd62a11ef721d1542d8
607,AbigailMartin,5e884898da28047151d0e56f8dc6292773603d0d6aabbdd62a11ef721d1542d8
608,LucasYoung,5e884898da28047151d0e56f8dc6292773603d0d6aabbdd62a11ef721d1542d8
609,JohnYoung,5e884898da28047151d0e56f8dc6292773603d0d6aabbdd62a11ef721d1542d8
610,AlexanderYoung,5e884898da28047151d0e56f8dc6292773603d0d6aabbdd62a11ef721d1542d8
611,DavidClark,5e884898da28047151d0e56f8dc6292773603d0d6aabbdd62a11ef721d1542d8
612,DavidSmith,5e884898da28047151d0e56f8dc6292773603d0d6aabbdd62a11ef721d1542d8
613,MichaelHarris,5e884898da28047151d0e56f8dc6292773603d0d6aabbdd62a11ef721d1542d8
614,OliviaAllen,5e884898da28047151d0e56f8dc6292773603d0d6aabbdd62a11ef721d1542d8
615,DavidWalker,5e884898da28047151d0e56f8dc6292773603d0d6aabbdd62a11ef721d1542d8
616,mehdiouala,5e884898da28047151d0e56f8dc6292773603d0d6aabbdd62a11ef721d1542d8
617,kamraouiadell,5e884898da28047151d0e56f8dc6292773603d0d6aabbdd62a11ef721d1542d8
618,redakamraoui,5e884898da28047151d0e56f8dc6292773603d0d6aabbdd62a11ef721d1542d8
619,rafikfartas,5e884898da28047151d0e56f8dc6292773603d0d6aabbdd62a11ef721d1542d8
